name,12/31/2020,12/31/2019,12/31/2018,12/31/2017,12/31/2016,12/31/2015,12/31/2014,12/31/2013,12/31/2012,12/31/2011,12/31/2010,12/31/2009,12/31/2008,12/31/2007,12/31/2006,12/31/2005,12/31/2004,12/31/2003,12/31/2002,12/31/2001,12/31/2000,12/31/1999,12/31/1998,12/31/1997,12/31/1996,12/31/1995,12/31/1994,12/31/1993,12/31/1992,12/31/1991,12/31/1990,12/31/1989,12/31/1988,12/31/1987,03/31/1987,03/31/1986
TotalAssets,"8,962,000,000","6,028,000,000","4,556,000,000","3,540,000,000","3,321,000,000","3,109,000,000","3,767,000,000","4,337,000,000","4,000,000,000","4,954,000,000","4,964,000,000","9,078,000,000","7,675,000,000","11,550,000,000","13,147,000,000","7,287,779,000","7,844,210,000","7,094,345,000","5,619,181,000","5,647,242,000","5,767,735,000","4,377,698,000","4,252,968,000","3,515,271,000","3,145,283,000","3,031,268,000","2,445,702,000","1,929,231,000","1,448,100,000","1,291,800,000","1,111,700,000","1,122,400,000","1,081,300,000","1,113,700,000","843,500,000","731,500,000"
	CurrentAssets,"6,143,000,000","4,597,000,000","3,540,000,000","2,622,000,000","2,530,000,000","2,320,000,000","2,736,000,000","2,884,000,000","2,265,000,000","3,229,000,000","3,594,000,000","4,275,000,000","2,379,000,000","3,816,000,000","3,963,000,000","3,558,837,000","3,227,997,000","2,900,278,000","2,019,678,000","2,353,109,000","2,657,689,000","1,409,878,000","1,562,027,000","1,175,267,000","1,029,077,000","1,096,768,000","986,619,000","964,186,000","737,700,000","626,200,000","396,500,000","593,700,000","572,300,000","571,500,000","426,300,000","243,100,000"
		CashCashEquivalentsAndShortTermInvestments,"2,290,000,000","1,503,000,000","1,156,000,000","1,185,000,000","1,264,000,000","785,000,000","1,040,000,000","1,097,000,000","1,002,000,000","1,765,000,000","1,789,000,000","2,676,000,000","1,096,000,000","1,889,000,000","1,541,000,000","1,794,766,000","1,195,559,000","1,313,367,000","1,037,705,000","869,997,000","1,293,165,000","596,511,000","697,025,000","467,032,000","386,198,000","490,647,000","377,854,000","60,423,000","52,000,000","153,900,000","49,100,000","79,700,000","286,800,000","235,200,000","28,900,000","15,400,000"
			CashAndCashEquivalents,"1,595,000,000","1,466,000,000","1,078,000,000","1,185,000,000","1,264,000,000","785,000,000","805,000,000","869,000,000","549,000,000","869,000,000","606,000,000","1,657,000,000","933,000,000","1,432,000,000","1,380,000,000","633,067,000","918,377,000","1,185,804,000","428,748,000","427,288,000","591,457,000","294,125,000","361,908,000","240,658,000","166,194,000","113,354,000","121,343,000","60,423,000","52,000,000","153,900,000","49,100,000","79,700,000","286,800,000","235,200,000","28,900,000","15,400,000"
				CashFinancial,,"1,465,000,000","315,000,000","108,000,000","67,000,000","409,000,000",,,,,,,,,,,,,,,,,,,,,,,,,,,,,,
				CashEquivalents,,"1,000,000","763,000,000","1,077,000,000","1,197,000,000","376,000,000",,,,,,,,,,,,,,,,,,,,,,,,,,,,,,
			OtherShortTermInvestments,"695,000,000","37,000,000","78,000,000",,,"0","235,000,000","228,000,000","453,000,000","896,000,000","1,183,000,000","1,019,000,000","163,000,000","457,000,000","161,000,000","1,161,699,000","277,182,000","127,563,000","608,957,000","442,709,000","701,708,000","302,386,000","335,117,000","226,374,000","220,004,000","377,293,000","256,511,000",,,,,,,,,
		Receivables,"2,076,000,000","1,859,000,000","1,235,000,000","400,000,000","311,000,000","533,000,000","818,000,000","832,000,000","630,000,000","919,000,000","968,000,000","745,000,000","320,000,000","640,000,000","1,150,000,000","948,817,000","719,572,000","609,457,000","395,828,000","659,783,000","547,200,000","429,809,000","415,557,000","329,111,000","220,028,000","275,733,000","337,107,000","263,617,000","202,100,000","189,500,000","153,500,000","183,600,000","167,400,000","176,500,000","290,000,000","109,000,000"
			AccountsReceivable,"2,066,000,000","1,859,000,000","1,235,000,000","400,000,000","311,000,000","533,000,000","818,000,000","832,000,000","630,000,000","919,000,000","968,000,000","745,000,000","320,000,000","640,000,000","1,140,000,000","805,531,000","719,572,000","609,457,000","395,828,000","659,783,000","547,200,000","429,809,000","415,557,000","329,111,000","220,028,000","275,733,000","337,107,000","263,617,000",,,,,,,,
				GrossAccountsReceivable,,,,,,,,"832,000,000","632,000,000","921,000,000",,,,,,,,,,,,,,,,,,,,,,,,,,
				AllowanceForDoubtfulAccountsReceivable,,,,,,,,"0","-2,000,000","-2,000,000",,,,,,,,,,,,,,,,,,,,,,,,,,
			DuefromRelatedPartiesCurrent,"10,000,000",,,,,,,,,,,,,,,,,,,,,,,,,,,,,,,,,,,
			OtherReceivables,,,,,,,,,,,,,,,"10,000,000","143,286,000",,,,,,,,,,,,,,,,,,,,
		Inventory,"1,399,000,000","982,000,000","845,000,000","739,000,000","751,000,000","678,000,000","685,000,000","884,000,000","562,000,000","476,000,000","632,000,000","567,000,000","656,000,000","821,000,000","814,000,000","388,631,000","874,790,000","697,658,000","432,603,000","380,474,000","343,541,000","198,213,000","175,075,000","168,517,000","154,010,000","154,670,000","128,690,000","104,050,000","86,000,000","91,500,000","90,000,000","90,500,000","90,500,000","81,900,000","47,600,000","42,500,000"
			RawMaterials,"93,000,000","94,000,000","134,000,000","34,000,000","11,000,000","16,000,000","40,000,000","30,000,000","29,000,000","25,000,000","28,000,000","34,000,000","41,000,000","48,000,000","83,000,000","17,762,000","63,875,000","42,925,000","22,741,000","26,489,000","34,413,000","10,236,000","21,185,000","33,375,000","22,050,000","29,272,000","21,604,000","15,371,000",,,,,,,,
			WorkInProcess,"1,139,000,000","691,000,000","354,000,000","468,000,000","564,000,000","482,000,000","431,000,000","727,000,000","357,000,000","295,000,000","441,000,000","359,000,000","352,000,000","472,000,000","545,000,000","225,003,000","571,651,000","504,861,000","254,957,000","236,679,000","154,854,000","97,143,000","129,036,000","96,712,000","83,853,000","68,827,000","72,632,000","56,504,000",,,,,,,,
			FinishedGoods,"167,000,000","197,000,000","357,000,000","237,000,000","176,000,000","180,000,000","214,000,000","127,000,000","176,000,000","156,000,000","163,000,000","174,000,000","263,000,000","301,000,000","186,000,000","145,866,000","239,264,000","149,872,000","154,905,000","117,306,000","154,274,000","90,834,000","24,854,000","38,430,000","48,107,000","56,571,000","34,454,000","32,175,000",,,,,,,,
		PrepaidAssets,"378,000,000","253,000,000","109,000,000","110,000,000","95,000,000","76,000,000","193,000,000","71,000,000","71,000,000","69,000,000","205,000,000","278,000,000","279,000,000","402,000,000","433,000,000","334,016,000","350,240,000","177,145,000","153,542,000","286,957,000","255,256,000","129,389,000","68,411,000","49,972,000","28,082,000","66,729,000","44,293,000","30,399,000",,,,,,,,
		CurrentDeferredAssets,,,,,,,,,,,"0","9,000,000","28,000,000","64,000,000","25,000,000","92,606,000","87,836,000","102,651,000",,"155,898,000","218,527,000","55,956,000","205,959,000","160,583,000","140,850,000","108,989,000","98,675,000","77,922,000",,,,,,,,
			CurrentDeferredTaxesAssets,,,,,,,,,,,"0","9,000,000","28,000,000","64,000,000","25,000,000","92,606,000","87,836,000","102,651,000",,"155,898,000","218,527,000","55,956,000","205,959,000","160,583,000","140,850,000","108,989,000","98,675,000","77,922,000",,,,,,,,
		AssetsHeldForSaleCurrent,,,,,"0","183,000,000",,,,,,,,,,,,,,,,,,,,,,,,,,,,,,
		OtherCurrentAssets,,,"195,000,000","188,000,000","109,000,000","65,000,000",,,,"1,765,000,000","1,789,000,000","2,676,000,000",,,,"1,000",,,,,,,,"52,000","99,909,000",,,"427,775,000","397,600,000","191,300,000","103,900,000","239,900,000","27,600,000","77,900,000","59,800,000","76,200,000"
	TotalNonCurrentAssets,"2,819,000,000","1,431,000,000","1,016,000,000","918,000,000","791,000,000","789,000,000","1,031,000,000","1,453,000,000","1,735,000,000","1,725,000,000","1,370,000,000","4,803,000,000","5,296,000,000","7,734,000,000","9,184,000,000","3,728,942,000","4,616,213,000","4,194,067,000","3,599,503,000","3,294,133,000","3,110,046,000","2,967,820,000","2,690,941,000","2,340,004,000","2,116,206,000","1,934,500,000","1,459,083,000","965,045,000","710,400,000","665,600,000","715,200,000","528,700,000","509,000,000","542,200,000","417,200,000","488,400,000"
		NetPPE,"849,000,000","705,000,000","348,000,000","261,000,000","164,000,000","188,000,000","302,000,000","346,000,000","658,000,000","726,000,000","700,000,000","3,809,000,000","4,296,000,000","4,720,000,000","3,987,000,000","2,701,000,000","4,233,807,000","3,848,492,000","2,880,809,000","2,739,138,000","2,636,467,000","2,523,236,000","2,268,468,000","1,990,689,000","1,787,402,000","1,636,092,000","1,264,211,000","904,326,000","693,300,000","626,300,000","647,000,000","505,900,000","495,500,000","524,300,000","414,600,000","486,500,000"
			GrossPPE,"1,761,000,000","1,473,000,000","1,055,000,000","1,001,000,000","881,000,000","984,000,000","1,680,000,000","1,733,000,000","2,218,000,000","2,196,000,000","2,079,000,000","7,495,000,000","7,158,000,000","7,888,000,000","7,337,000,000","5,487,605,000","11,037,583,000","10,072,394,000","7,039,663,000","6,126,278,000","5,461,801,000","4,938,302,000","4,380,362,000","3,799,051,000","3,326,768,000","2,930,973,000","2,464,929,000","1,998,363,000","1,684,400,000","1,530,600,000","1,449,300,000","1,261,900,000","1,247,800,000","1,142,800,000","831,700,000","783,600,000"
				Properties,"0","0","0","0","0","0","0","0","0","0","0","0","0","0","0","0","0","0","0","0","0","0","0","0","0","0",,"0",,,,,,,,
				LandAndImprovements,,,,,,"1,000,000","4,000,000","3,000,000","31,000,000","31,000,000","31,000,000","58,000,000","50,000,000","49,000,000","53,000,000","28,814,000","64,401,000","61,002,000","34,443,000","33,207,000","33,094,000","35,872,000","36,273,000","29,421,000","32,244,000","28,851,000",,"26,272,000",,,,,,,,
				BuildingsAndImprovements,,,,,,"145,000,000","246,000,000","246,000,000","591,000,000","544,000,000","540,000,000","2,015,000,000","1,927,000,000","1,037,000,000","1,410,000,000","1,027,822,000","2,462,965,000","2,277,947,000","1,392,972,000","1,461,228,000","1,420,313,000","1,187,712,000","823,287,000","1,012,680,000","938,573,000","893,321,000",,"444,299,000",,,,,,,,
				MachineryFurnitureEquipment,"1,209,000,000","951,000,000","798,000,000","758,000,000","714,000,000","821,000,000","1,416,000,000","1,466,000,000","1,585,000,000","1,507,000,000","1,479,000,000","5,023,000,000","4,896,000,000","6,125,000,000","5,202,000,000","3,309,869,000","7,920,517,000","7,581,241,000","5,256,502,000","4,162,652,000","3,563,125,000","2,851,315,000","2,776,336,000","2,295,498,000","1,963,808,000","1,828,059,000",,"1,335,251,000",,,,,,,,
				OtherProperties,"208,000,000","205,000,000",,,,,,,,,,,,,,,,,,,,,,,,,,,,,,,,,,
				ConstructionInProgress,"136,000,000","114,000,000","78,000,000","56,000,000","19,000,000","17,000,000","14,000,000","18,000,000","11,000,000","114,000,000","29,000,000","399,000,000","285,000,000","677,000,000","672,000,000","1,121,100,000","589,700,000","152,204,000","355,746,000","469,191,000","445,269,000","863,403,000","744,466,000","461,452,000","392,143,000","180,742,000",,"192,541,000",,,,,,,,
				Leases,"208,000,000","203,000,000","179,000,000","187,000,000","148,000,000",,,,,,,,,,,,,,,,,,,,,,,,,,,,,,,
			AccumulatedDepreciation,"-912,000,000","-768,000,000","-707,000,000","-740,000,000","-717,000,000","-796,000,000","-1,378,000,000","-1,387,000,000","-1,560,000,000","-1,470,000,000","-1,379,000,000","-3,686,000,000","-2,862,000,000","-3,168,000,000","-3,350,000,000","-2,786,605,000","-6,803,776,000","-6,223,902,000","-4,158,854,000","-3,387,140,000","-2,825,334,000","-2,415,066,000","-2,111,894,000","-1,808,362,000","-1,539,366,000","-1,294,881,000","-1,200,718,000","-1,094,037,000","-991,100,000","-904,300,000","-802,300,000","-756,000,000","-752,300,000","-618,500,000","-417,100,000","-297,100,000"
		GoodwillAndOtherIntangibleAssets,"518,000,000","499,000,000","515,000,000","528,000,000","521,000,000","467,000,000","604,000,000","911,000,000","649,000,000","323,000,000","360,000,000","421,000,000","491,000,000","2,494,000,000","4,424,000,000",,,,,,,,,,,,,,,,,,,,,
			Goodwill,"289,000,000","289,000,000","289,000,000","289,000,000","289,000,000","278,000,000","320,000,000","553,000,000","553,000,000","323,000,000","323,000,000","323,000,000","323,000,000","1,907,000,000","3,217,000,000",,,,,,,,,,,,,,,,,,,,,
			OtherIntangibleAssets,"229,000,000","210,000,000","226,000,000","239,000,000","232,000,000","189,000,000","284,000,000","358,000,000","96,000,000",,"37,000,000","98,000,000","168,000,000","587,000,000","1,207,000,000",,,,,,,,,,,,,,,,,,,,,
		InvestmentsAndAdvances,"63,000,000","58,000,000","58,000,000","58,000,000","59,000,000",,"0","90,000,000","181,000,000","427,000,000",,,,,,,,,,,,,,,,,,,,,,,,,,
			LongTermEquityInvestment,"63,000,000","58,000,000","58,000,000","58,000,000","59,000,000",,,,"0","278,000,000",,,,,,,,,,,,,,,,,,,,,,,,,,
			InvestmentinFinancialAssets,,,,,,,"0","90,000,000","181,000,000","149,000,000",,,,,,,,,,,,,,,,,,,,,,,,,,
		NonCurrentDeferredAssets,"1,245,000,000",,,,,,,,,,,,,,,,,,,,,,,,,,,,,,,,,,,
			NonCurrentDeferredTaxesAssets,"1,245,000,000",,,,,,,,,,,,,,,,,,,,,,,,,,,,,,,,,,,
		OtherNonCurrentAssets,"144,000,000","169,000,000","95,000,000","71,000,000","47,000,000","134,000,000","125,000,000","106,000,000","247,000,000","249,000,000","310,000,000","573,000,000","509,000,000","520,000,000","773,000,000","1,027,942,000","382,406,000","345,575,000","718,694,000","554,995,000","473,579,000","444,584,000","422,473,000","349,315,000","328,804,000","298,408,000","194,872,000","60,719,000","17,100,000","39,300,000","68,200,000","22,800,000","13,500,000","17,900,000","2,600,000","1,900,000"
TotalLiabilitiesNetMinorityInterest,"3,125,000,000","3,201,000,000","3,290,000,000","2,929,000,000","2,905,000,000","3,521,000,000","3,580,000,000","3,793,000,000","3,462,000,000","3,364,000,000","3,951,000,000","7,354,000,000","7,588,000,000","8,295,000,000","7,072,000,000","3,700,954,000","3,993,516,000","3,938,395,000","3,151,916,000","2,092,187,000","2,596,068,000","2,398,425,000","2,247,919,000","1,485,728,000","1,123,405,000","931,140,000","710,437,000","576,960,000","401,400,000","508,400,000","475,400,000","431,500,000","436,500,000","453,800,000","371,000,000","342,300,000"
	CurrentLiabilities,"2,417,000,000","2,359,000,000","1,984,000,000","1,486,000,000","1,346,000,000","1,403,000,000","1,440,000,000","1,618,000,000","1,397,000,000","1,774,000,000","1,674,000,000","2,210,000,000","2,226,000,000","2,625,000,000","2,852,000,000","1,821,961,000","1,846,376,000","1,452,270,000","1,372,079,000","1,313,937,000","1,224,109,000","910,652,000","840,719,000","726,770,000","583,473,000","621,736,000","592,167,000","454,619,000","352,500,000","455,300,000","317,500,000","275,800,000","266,200,000","254,700,000","188,900,000","142,400,000"
		PayablesAndAccruedExpenses,"1,829,000,000","2,000,000,000","1,588,000,000","1,131,000,000","1,098,000,000","901,000,000","1,052,000,000","1,227,000,000","1,063,000,000","929,000,000","1,279,000,000","1,442,000,000","1,578,000,000","2,016,000,000","2,231,000,000","1,490,321,000","1,291,995,000","1,010,152,000","1,131,960,000","878,027,000","754,090,000","660,882,000","502,255,000","494,192,000","327,575,000","302,800,000","231,692,000","211,133,000","61,700,000","74,400,000","84,600,000","67,700,000",,,,
			Payables,"546,000,000","1,201,000,000","1,089,000,000","837,000,000","847,000,000","574,000,000","672,000,000","910,000,000","750,000,000","560,000,000","581,000,000","647,000,000","631,000,000","1,009,000,000","1,338,000,000","855,834,000","655,123,000","492,616,000","352,438,000","304,990,000","477,369,000","387,193,000","333,975,000","359,536,000","224,139,000","223,708,000","149,122,000","127,151,000","61,700,000","74,400,000","84,600,000","67,700,000",,,,
				AccountsPayable,"468,000,000","988,000,000","528,000,000","384,000,000","440,000,000","279,000,000","415,000,000","519,000,000","278,000,000","540,000,000","581,000,000","647,000,000","631,000,000","1,009,000,000","1,338,000,000","855,834,000","655,123,000","492,616,000","352,438,000","304,990,000","477,369,000","387,193,000","333,975,000","359,536,000","224,139,000","223,708,000","149,122,000","127,151,000","61,700,000","74,400,000","84,600,000","67,700,000",,,,
				DuetoRelatedPartiesCurrent,"78,000,000","213,000,000","533,000,000","412,000,000","383,000,000","245,000,000","218,000,000","364,000,000","454,000,000",,,,,,,,,,,,,,,,,,,,,,,,,,,
				OtherPayable,,,"28,000,000","41,000,000","24,000,000","50,000,000","39,000,000","27,000,000","18,000,000","20,000,000",,,,,,,,,,,,,,,,,,,,,,,,,,
			CurrentAccruedExpenses,"1,283,000,000","799,000,000","499,000,000","294,000,000","251,000,000","327,000,000","380,000,000","317,000,000","313,000,000","369,000,000","698,000,000","795,000,000","947,000,000","1,007,000,000","893,000,000","634,487,000","636,872,000","517,536,000","779,522,000","573,037,000","276,721,000","273,689,000","168,280,000","134,656,000","103,436,000","79,092,000","82,570,000","83,982,000",,,,,,,,
		PensionandOtherPostRetirementBenefitPlansCurrent,"513,000,000","285,000,000","236,000,000","206,000,000","116,000,000","95,000,000","139,000,000","186,000,000","158,000,000","161,000,000",,,,,,,,,,,,,,,,,,,,,,,,,,
		CurrentDebtAndCapitalLeaseObligation,,"43,000,000","136,000,000","70,000,000",,"230,000,000","177,000,000","60,000,000","5,000,000","489,000,000","233,000,000","308,000,000","286,000,000","238,000,000","125,000,000","43,225,000","230,828,000","193,266,000","161,689,000","331,698,000","129,570,000","47,626,000","151,581,000","72,965,000","42,363,000","56,931,000","60,354,000","52,199,000","46,700,000","168,600,000","61,000,000","52,400,000","61,800,000","34,600,000","36,700,000","10,800,000"
			CurrentDebt,,,"136,000,000","70,000,000",,"230,000,000","177,000,000","60,000,000","5,000,000","489,000,000","233,000,000","308,000,000","286,000,000","238,000,000","125,000,000","43,225,000","230,828,000","193,266,000","161,689,000","331,698,000","129,570,000","47,626,000","151,581,000","72,965,000","42,363,000","56,931,000","60,354,000","52,199,000","46,700,000","168,600,000","61,000,000","52,400,000","61,800,000","34,600,000","36,700,000","10,800,000"
				CurrentNotesPayable,,,,,,,,,,,,,,,,,,,"913,000","63,362,000",,,"6,017,000","6,601,000","14,692,000","27,070,000","32,459,000","30,994,000",,,,,,,,
				OtherCurrentBorrowings,,,,,,,,,,,,,,,,,,,"160,776,000","268,336,000",,,"145,564,000","66,364,000","27,671,000","29,861,000","27,895,000","21,205,000",,,,,,,,
			CurrentCapitalLeaseObligation,,"43,000,000",,,,,,,,,,,,,,,,,,,,,,,,,,,,,,,,,,
		CurrentDeferredLiabilities,,"2,000,000",,"22,000,000","63,000,000","53,000,000","72,000,000","145,000,000","108,000,000","123,000,000","143,000,000","138,000,000","50,000,000","101,000,000","169,000,000","141,898,000","141,738,000","116,949,000","57,184,000","47,978,000","92,828,000","92,917,000","84,523,000","83,508,000","95,466,000","100,057,000","83,800,000",,,,,,,,,
			CurrentDeferredRevenue,,"2,000,000",,"22,000,000","63,000,000","53,000,000","72,000,000","145,000,000","108,000,000","123,000,000","143,000,000","138,000,000","50,000,000","101,000,000","169,000,000","141,898,000","141,738,000","116,949,000","57,184,000","47,978,000","92,828,000","92,917,000","84,523,000","83,508,000","95,466,000","100,057,000","83,800,000",,,,,,,,,
		OtherCurrentLiabilities,"75,000,000","29,000,000","24,000,000","57,000,000","69,000,000","124,000,000",,,"63,000,000","72,000,000","19,000,000","322,000,000","312,000,000","270,000,000","327,000,000","146,517,000","181,815,000","131,903,000","21,246,000","56,234,000","247,621,000","109,227,000","102,360,000","76,105,000","118,069,000","161,948,000","216,321,000","191,287,000","244,100,000","212,300,000","171,900,000","155,700,000","204,400,000","220,100,000","152,200,000","131,600,000"
	TotalNonCurrentLiabilitiesNetMinorityInterest,"708,000,000","842,000,000","1,306,000,000","1,443,000,000","1,559,000,000","2,118,000,000","2,140,000,000","2,175,000,000","2,065,000,000","1,590,000,000","2,277,000,000","5,144,000,000","5,362,000,000","5,670,000,000","4,220,000,000","1,878,993,000","2,147,140,000","2,486,125,000","1,779,837,000","778,250,000","1,371,959,000","1,487,773,000","1,407,200,000","758,958,000","539,932,000","309,404,000","118,270,000","122,341,000","48,900,000","53,100,000","157,900,000","155,700,000","170,300,000","199,100,000","182,100,000","199,900,000"
		LongTermDebtAndCapitalLeaseObligation,"531,000,000","685,000,000","1,114,000,000","1,325,000,000","1,435,000,000","2,032,000,000","2,035,000,000","1,998,000,000","2,037,000,000","1,527,000,000","2,188,000,000","4,252,000,000","4,702,000,000","5,031,000,000","3,672,000,000","1,327,065,000","1,628,268,000","1,899,674,000","1,779,837,000","672,945,000","1,167,973,000","1,427,282,000","1,372,416,000","662,689,000","444,830,000","214,965,000","75,752,000","79,504,000","19,700,000","42,000,000","131,300,000","126,400,000","130,400,000","135,900,000","134,000,000","151,600,000"
			LongTermDebt,"330,000,000","486,000,000","1,114,000,000","1,325,000,000","1,435,000,000","2,032,000,000","2,035,000,000","1,998,000,000","2,037,000,000","1,527,000,000","2,188,000,000","4,252,000,000","4,702,000,000","5,031,000,000","3,672,000,000","1,327,065,000","1,628,268,000","1,899,674,000","1,779,837,000","672,945,000","1,167,973,000","1,427,282,000","1,372,416,000","662,689,000","444,830,000","214,965,000","75,752,000","79,504,000","19,700,000","42,000,000","131,300,000","126,400,000","130,400,000","135,900,000","134,000,000","151,600,000"
			LongTermCapitalLeaseObligation,"201,000,000","199,000,000",,,,,,,,,,,,,,,,,,,,,,,,,,,,,,,,,,
		NonCurrentDeferredLiabilities,,,,,,,,,,,"0","197,000,000","91,000,000","6,000,000","31,000,000","92,606,000","104,246,000","157,690,000",,"105,305,000","203,986,000","60,491,000","34,784,000","96,269,000","95,102,000","94,439,000","42,518,000","42,837,000","29,100,000","11,000,000","26,500,000","29,300,000","39,900,000","63,300,000","48,200,000","48,200,000"
			NonCurrentDeferredTaxesLiabilities,,,,,,,,,,,"0","197,000,000","91,000,000","6,000,000","31,000,000","92,606,000","104,246,000","157,690,000",,"105,305,000","203,986,000","60,491,000","34,784,000","96,269,000","95,102,000","94,439,000","42,518,000","42,837,000","29,100,000","11,000,000","26,500,000","29,300,000","39,900,000","63,300,000","48,200,000","48,200,000"
		OtherNonCurrentLiabilities,"177,000,000","157,000,000","192,000,000","118,000,000","124,000,000","86,000,000","105,000,000","177,000,000","28,000,000","63,000,000","89,000,000","695,000,000","569,000,000","633,000,000","517,000,000","459,322,000","414,626,000","428,761,000",,,,,,,,,,,"100,000","100,000","100,000",,,"-100,000","-100,000","100,000"
TotalEquityGrossMinorityInterest,"5,837,000,000","2,827,000,000","1,266,000,000","611,000,000","416,000,000","-412,000,000","187,000,000","544,000,000","538,000,000","1,590,000,000","1,013,000,000","1,724,000,000","87,000,000","3,255,000,000","6,075,000,000","3,586,825,000","3,850,694,000","3,155,950,000","2,467,265,000","3,555,055,000","3,171,667,000","1,979,273,000","2,005,049,000","2,029,543,000","2,021,878,000","2,100,128,000","1,735,265,000","1,352,271,000","1,046,700,000","783,400,000","636,300,000","690,900,000","644,800,000","659,900,000","472,500,000","389,200,000"
	StockholdersEquity,"5,837,000,000","2,827,000,000","1,266,000,000","611,000,000","416,000,000","-412,000,000","187,000,000","544,000,000","538,000,000","1,590,000,000","1,013,000,000","648,000,000","-82,000,000","2,990,000,000","5,785,000,000","3,351,837,000","3,010,053,000","2,438,310,000","2,467,265,000","3,555,055,000","3,171,667,000","1,979,273,000","2,005,049,000","2,029,543,000","2,021,878,000","2,100,128,000","1,735,265,000","1,352,271,000","1,046,700,000","783,400,000","636,300,000","690,900,000","644,800,000","659,900,000","472,500,000","389,200,000"
		CapitalStock,"12,000,000","12,000,000","10,000,000","9,000,000","9,000,000","8,000,000","8,000,000","7,000,000","7,000,000","7,000,000","7,000,000","7,000,000","6,000,000","6,000,000","5,000,000","4,355,000","3,915,000","3,502,000","3,445,000","3,405,000","3,141,000","1,496,000","1,465,000","1,428,000","1,380,000","1,047,000","990,000","961,000",,,,,,,,
			PreferredStock,,,,,,,,,,,,,,,,,,,,,,,,,,,"34,000","35,000",,,,,,,,
			CommonStock,"12,000,000","12,000,000","10,000,000","9,000,000","9,000,000","8,000,000","8,000,000","7,000,000","7,000,000","7,000,000","7,000,000","7,000,000","6,000,000","6,000,000","5,000,000","4,355,000","3,915,000","3,502,000","3,445,000","3,405,000","3,141,000","1,496,000","1,465,000","1,428,000","1,380,000","1,047,000","956,000","926,000",,,,,,,,
		AdditionalPaidInCapital,"10,544,000,000","9,963,000,000","8,750,000,000","8,464,000,000","8,334,000,000","7,017,000,000","6,949,000,000","6,894,000,000","6,803,000,000","6,672,000,000","6,575,000,000","6,524,000,000","6,099,000,000","6,016,000,000","5,409,000,000","2,800,306,000","2,407,770,000","2,051,254,000","2,014,464,000","1,966,374,000","1,406,290,000","1,121,956,000","1,071,591,000","1,018,884,000","957,226,000","735,825,000","698,673,000","619,733,000",,,,,,,,
		RetainedEarnings,"-4,605,000,000","-7,095,000,000","-7,436,000,000","-7,760,000,000","-7,803,000,000","-7,306,000,000","-6,646,000,000","-6,243,000,000","-6,160,000,000","-4,977,000,000","-5,468,000,000","-5,939,000,000","-6,198,000,000","-3,100,000,000","308,000,000","473,678,000","308,497,000","217,891,000","492,668,000","1,795,680,000","1,856,261,000","873,235,000","962,171,000","1,066,100,000","1,063,272,000","1,363,256,000","1,035,602,000","731,577,000","513,100,000","278,500,000","143,500,000","207,500,000","171,700,000","199,300,000","173,400,000","269,200,000"
		TreasuryStock,"131,000,000","53,000,000","50,000,000","108,000,000","119,000,000","123,000,000","119,000,000","112,000,000","109,000,000","107,000,000","102,000,000","98,000,000","97,000,000","95,000,000","93,000,000","90,138,000","91,101,000","92,421,000","93,217,000","77,157,000",,,,,,,,,,,,,,,,
		GainsLossesNotAffectingRetainedEarnings,"17,000,000","0","-8,000,000","6,000,000","-5,000,000","-8,000,000","-5,000,000","-2,000,000","-3,000,000","-5,000,000","1,000,000","154,000,000","108,000,000","163,000,000","156,000,000","163,636,000","380,970,000","258,084,000","49,905,000","-133,247,000","-94,025,000","-17,414,000","-30,178,000","-56,900,000",,,,,,,,,,,,
			ForeignCurrencyTranslationAdjustments,,,,,,,,,,,,,,"141,000,000","150,000,000",,,,,,,,,,,,,,,,,,,,,
			OtherEquityAdjustments,,,,,,,,,,,,,,"22,000,000","6,000,000",,,,,,,,,,,,,,,,,,,,,
		OtherEquityInterest,,,,,,,,,,,,,,,,,"2,000",,,,,,,"31,000",,,,,"533,600,000","504,900,000","492,800,000","483,400,000","473,100,000","460,600,000","299,100,000","120,000,000"
	MinorityInterest,,,,,,,,,,,"0","1,076,000,000","169,000,000","265,000,000","290,000,000","234,988,000","840,641,000","717,640,000",,,,,,,,,,,,,,,,,,
TotalCapitalization,"6,167,000,000","3,313,000,000","2,380,000,000","1,936,000,000","1,851,000,000","1,620,000,000","2,222,000,000","2,542,000,000","2,575,000,000","3,117,000,000","3,201,000,000","4,900,000,000","4,620,000,000","8,021,000,000","9,457,000,000","4,678,902,000","4,638,321,000","4,337,984,000","4,247,102,000","4,228,000,000","4,339,640,000","3,406,555,000","3,377,465,000","2,692,232,000","2,466,708,000","2,315,093,000","1,811,017,000","1,431,775,000","1,066,400,000","825,400,000","767,600,000","817,300,000","775,200,000","795,800,000","606,500,000","540,800,000"
PreferredStockEquity,,,,,,,,,,,,,,,,,,,,,,,,,,,"34,000","35,000",,,,,,,,
CommonStockEquity,"5,837,000,000","2,827,000,000","1,266,000,000","611,000,000","416,000,000","-412,000,000","187,000,000","544,000,000","538,000,000","1,590,000,000","1,013,000,000","648,000,000","-82,000,000","2,990,000,000","5,785,000,000","3,351,837,000","3,010,053,000","2,438,310,000","2,467,265,000","3,555,055,000","3,171,667,000","1,979,273,000","2,005,049,000","2,029,543,000","2,021,878,000","2,100,128,000","1,735,231,000","1,352,236,000","1,046,700,000","783,400,000","636,300,000","690,900,000","644,800,000","659,900,000","472,500,000","389,200,000"
CapitalLeaseObligations,"201,000,000","242,000,000",,,,,,,,,,,,,,,,,,,,,,,,,,,,,,,,,,
NetTangibleAssets,"5,319,000,000","2,328,000,000","751,000,000","83,000,000","-105,000,000","-879,000,000","-417,000,000","-367,000,000","-111,000,000","1,267,000,000","653,000,000","227,000,000","-573,000,000","496,000,000","1,361,000,000","3,351,837,000","3,010,053,000","2,438,310,000","2,467,265,000","3,555,055,000","3,171,667,000","1,979,273,000","2,005,049,000","2,029,543,000","2,021,878,000","2,100,128,000","1,735,265,000","1,352,271,000","1,046,700,000","783,400,000","636,300,000","690,900,000","644,800,000","659,900,000","472,500,000","389,200,000"
WorkingCapital,"3,726,000,000","2,238,000,000","1,556,000,000","1,136,000,000","1,184,000,000","917,000,000","1,296,000,000","1,266,000,000","868,000,000","1,455,000,000","1,920,000,000","2,065,000,000","153,000,000","1,191,000,000","1,111,000,000","1,736,876,000","1,381,621,000","1,448,008,000","647,599,000","1,039,172,000","1,433,580,000","499,226,000","721,308,000","448,497,000","445,604,000","475,032,000","394,452,000","509,567,000","385,200,000","170,900,000","79,000,000","317,900,000","306,100,000","316,800,000","237,400,000","100,700,000"
InvestedCapital,"6,167,000,000","3,313,000,000","2,516,000,000","2,006,000,000","1,851,000,000","1,850,000,000","2,399,000,000","2,602,000,000","2,580,000,000","3,606,000,000","3,434,000,000","5,208,000,000","4,906,000,000","8,259,000,000","9,582,000,000","4,722,127,000","4,869,149,000","4,531,250,000","4,408,791,000","4,559,698,000","4,469,210,000","3,454,181,000","3,529,046,000","2,765,197,000","2,509,071,000","2,372,024,000","1,871,337,000","1,483,939,000","1,113,100,000","994,000,000","828,600,000","869,700,000","837,000,000","830,400,000","643,200,000","551,600,000"
TangibleBookValue,"5,319,000,000","2,328,000,000","751,000,000","83,000,000","-105,000,000","-879,000,000","-417,000,000","-367,000,000","-111,000,000","1,267,000,000","653,000,000","227,000,000","-573,000,000","496,000,000","1,361,000,000","3,351,837,000","3,010,053,000","2,438,310,000","2,467,265,000","3,555,055,000","3,171,667,000","1,979,273,000","2,005,049,000","2,029,543,000","2,021,878,000","2,100,128,000","1,735,231,000","1,352,236,000","1,046,700,000","783,400,000","636,300,000","690,900,000","644,800,000","659,900,000","472,500,000","389,200,000"
TotalDebt,"531,000,000","728,000,000","1,250,000,000","1,395,000,000","1,435,000,000","2,262,000,000","2,212,000,000","2,058,000,000","2,042,000,000","2,016,000,000","2,421,000,000","4,560,000,000","4,988,000,000","5,269,000,000","3,797,000,000","1,370,290,000","1,859,096,000","2,092,940,000","1,941,526,000","1,004,643,000","1,297,543,000","1,474,908,000","1,523,997,000","735,654,000","487,193,000","271,896,000","136,106,000","131,703,000","66,400,000","210,600,000","192,300,000","178,800,000","192,200,000","170,500,000","170,700,000","162,400,000"
NetDebt,,,"172,000,000","210,000,000","171,000,000","1,477,000,000","1,407,000,000","1,189,000,000","1,493,000,000","1,147,000,000","1,815,000,000","2,903,000,000","4,055,000,000","3,837,000,000","2,417,000,000","737,223,000","940,719,000","907,136,000","1,512,778,000","577,355,000","706,086,000","1,180,783,000","1,162,089,000","494,996,000","320,999,000","158,542,000","14,763,000","71,280,000","14,400,000","56,700,000","143,200,000","99,100,000",,,"141,800,000","147,000,000"
ShareIssued,"1,217,000,000","1,175,000,000","1,010,000,000","979,000,000","949,000,000","806,000,000","788,000,000","735,000,000","722,000,000","706,000,000","691,000,000","679,000,000","615,000,000","606,000,000","547,000,000","435,526,719","391,738,648","350,252,591","344,528,152","340,503,000","314,137,000","297,312,000","290,954,000","284,246,000","275,160,000","209,038,000","190,834,000","184,888,000","176,452,000","168,062,000","164,676,000","162,286,000","159,894,000","157,022,000","116,510,000","114,318,000"
OrdinarySharesNumber,"1,211,000,000","1,170,000,000","1,005,000,000","967,000,000","935,000,000","792,000,000","776,000,000","725,000,000","713,000,000","698,000,000","683,000,000","671,000,000","608,000,000","606,000,000","547,000,000","435,526,719","391,738,648","350,252,591","344,528,152","340,503,000","314,137,000","297,312,000","290,954,000","284,246,000","275,160,000","209,038,000","190,834,000","184,888,000","176,452,000","168,062,000","164,676,000","162,286,000","159,894,000","157,022,000","116,510,000","114,318,000"
TreasurySharesNumber,"6,000,000","5,000,000","5,000,000","12,000,000","14,000,000","14,000,000","12,000,000","10,000,000","9,000,000","8,000,000","8,000,000","8,000,000","7,000,000",,,,,,,,,,,,,,,,,,,,,,,