name,ttm,12/31/2020,09/30/2020,06/30/2020,03/31/2020,12/31/2019,09/30/2019,06/30/2019,03/31/2019,12/31/2018,09/30/2018,06/30/2018,03/31/2018,12/31/2017,09/30/2017,06/30/2017,03/31/2017,12/31/2016,09/30/2016,06/30/2016,03/31/2016,12/31/2015,09/30/2015,06/30/2015,03/31/2015,12/31/2014,09/30/2014,06/30/2014,03/31/2014,12/31/2013,09/30/2013,06/30/2013,03/31/2013,12/31/2012,09/30/2012,06/30/2012,03/31/2012,12/31/2011,09/30/2011,06/30/2011,03/31/2011,12/31/2010,09/30/2010,06/30/2010,03/31/2010,12/31/2009,09/30/2009,06/30/2009,03/31/2009,12/31/2008,09/30/2008,06/30/2008,03/31/2008,12/31/2007,09/30/2007,06/30/2007,03/31/2007,12/31/2006,09/30/2006,06/30/2006,03/31/2006,12/31/2005,09/30/2005,06/30/2005,03/31/2005,12/31/2004,09/30/2004,06/30/2004,03/31/2004,12/31/2003,09/30/2003,06/30/2003,03/31/2003,12/31/2002,09/30/2002,06/30/2002,03/31/2002,12/31/2001,09/30/2001,06/30/2001,03/31/2001,12/31/2000,09/30/2000,06/30/2000,03/31/2000
OperatingCashFlow,"884,300,000","400,400,000","163,400,000","154,500,000","166,000,000","91,700,000","242,200,000","222,600,000","138,200,000","421,000,000","358,200,000","268,500,000","226,500,000","224,300,000","328,200,000","333,200,000","208,500,000","229,400,000","132,700,000","104,200,000","114,900,000","157,200,000","128,300,000","101,600,000","83,500,000","162,500,000","92,300,000","151,600,000","74,900,000","127,000,000","59,900,000","55,200,000","85,200,000","136,600,000","11,900,000","59,100,000","68,400,000","164,700,000","119,200,000","136,000,000","125,600,000","159,800,000","123,600,000","158,900,000","109,500,000","102,300,000","87,600,000","58,300,000","28,700,000","81,200,000","133,800,000","41,900,000","136,900,000","100,200,000","98,400,000","55,400,000","63,100,000","128,600,000","89,500,000","81,200,000","50,500,000","46,200,000","48,700,000","62,000,000","36,200,000","-77,800,000","30,500,000","52,900,000","32,800,000","27,800,000","1,200,000","5,200,000","11,500,000","7,300,000","-4,200,000","51,900,000","-24,400,000","-11,300,000","-54,900,000","9,400,000","-80,500,000","77,800,000","101,900,000","88,800,000","32,800,000"
	CashFlowFromContinuingOperatingActivities,"884,300,000","400,400,000","163,400,000","154,500,000","166,000,000","91,700,000","242,200,000","222,600,000","138,200,000","421,000,000","358,200,000","268,500,000","226,500,000","224,300,000","328,200,000","333,200,000","208,500,000","229,400,000","132,700,000","104,200,000","114,900,000","157,600,000","128,300,000","101,200,000","83,500,000","162,500,000","92,300,000","151,600,000","74,900,000","127,000,000","59,900,000","55,200,000","85,200,000","136,600,000","11,900,000","59,100,000","68,400,000","164,700,000","119,200,000","136,000,000","125,600,000","159,800,000","123,600,000","158,900,000","109,500,000","102,300,000","87,600,000","58,300,000","28,700,000","81,200,000","133,800,000","41,900,000","136,900,000","100,200,000","98,400,000","55,400,000","63,100,000","128,600,000","89,500,000","81,200,000","50,500,000","46,200,000","48,700,000","62,000,000","36,200,000","-77,800,000","30,500,000","52,900,000","32,800,000","27,800,000","1,200,000","5,200,000","11,500,000","7,300,000","-4,200,000","51,900,000","-24,400,000","-11,300,000","-54,900,000","9,400,000","-80,500,000","77,800,000","101,900,000","88,800,000","32,800,000"
		NetIncomeFromContinuingOperations,"236,400,000","89,800,000","161,200,000","-900,000","-13,700,000","56,900,000","-60,000,000","102,900,000","114,100,000","166,000,000","167,100,000","156,300,000","140,500,000","531,000,000","108,900,000","94,400,000","78,700,000","111,700,000","10,600,000","25,800,000","36,400,000","55,000,000","46,800,000","51,400,000","55,800,000","2,500,000","42,000,000","89,000,000","58,600,000","29,200,000","52,800,000","48,700,000","23,300,000","-136,900,000","13,400,000","8,200,000","29,000,000","-41,100,000","-69,100,000",,,"61,200,000","88,400,000","79,600,000","63,700,000","68,400,000","30,600,000","-2,200,000","-33,500,000","-506,700,000","61,200,000","44,600,000","20,800,000","61,100,000","63,800,000","63,300,000","54,000,000","87,400,000","76,800,000","67,500,000","40,400,000","43,800,000","23,500,000","18,500,000","14,800,000","-88,300,000","15,700,000","-3,500,000","-47,600,000","-42,400,000","-16,300,000","-77,400,000","-30,600,000","-39,600,000","-70,500,000","18,200,000","-50,000,000","-450,400,000","-69,400,000","-152,200,000","-159,400,000","17,700,000","29,900,000","-2,000,000","25,500,000"
		OperatingGainsLosses,"-3,200,000","-1,400,000","1,100,000","-3,100,000","200,000","1,400,000","5,900,000","400,000","400,000","-1,200,000","1,400,000","-600,000","1,300,000","14,000,000","-4,800,000","-1,100,000","26,700,000","900,000","-111,900,000","300,000","-100,000","600,000","400,000","-500,000","-4,000,000","-800,000","-300,000","0","-300,000","800,000","-500,000","300,000","-25,300,000","3,000,000","-2,700,000","-500,000","-1,500,000","55,100,000","9,300,000","-10,800,000","-63,400,000","-1,700,000","-1,500,000","-1,600,000","-2,100,000","-1,700,000","-1,800,000","900,000","-1,300,000","-1,900,000","-500,000","-2,100,000","-2,600,000","-1,900,000","-1,700,000","-3,000,000","-2,400,000","-8,500,000","700,000","-1,900,000","1,500,000","7,400,000","15,900,000","900,000","7,200,000","-5,000,000","12,700,000","33,300,000","49,800,000","35,000,000","4,300,000","62,100,000","10,300,000","-17,800,000","16,000,000","5,700,000","19,600,000","107,000,000","6,300,000","45,700,000","120,000,000","-65,600,000","3,500,000","57,200,000","3,400,000"
			GainLossOnSaleOfBusiness,"0",,,,,"0","0",,,"0","-400,000",,,"0",,,,"0",,,,,,,,,,,,,,,,,,,,,,,,,,,,,,,,,,,,,,,,,,,,,,,,,,,,,,,,,,,,,,,,,,,
			GainLossOnSaleOfPPE,"-3,200,000","-1,400,000","1,100,000","-3,100,000","200,000","1,400,000","100,000","0","400,000","-1,200,000","1,200,000","1,100,000","1,300,000","1,100,000","1,000,000","-1,100,000","2,900,000","900,000","400,000","300,000","-100,000","200,000","400,000","-500,000","-4,000,000","-800,000","-300,000","0","-300,000","800,000","-500,000","300,000","-7,400,000","-4,800,000","-2,700,000","-500,000","-1,500,000","-1,800,000","-1,800,000","-3,000,000","-2,100,000","-1,700,000","-1,500,000","-1,600,000","-2,100,000","-1,700,000","-1,800,000","900,000","-1,300,000",,,,,,,,,,,,,,,,,,,,,,,,,,,,,,,,,,,,
			NetForeignCurrencyExchangeGainLoss,,,,,,,,,,,,,,,,,,,,,,,,,,"0","0","0","0","0","0","0","-21,000,000",,,,,,,,,,,,,,,,,,,,,,,,,,,,,,,,,,,,,,,,,,,,,,,,,,,,
			EarningsLossesFromEquityInvestments,,,,,,,,,,,,,,,,,,,,,,,,,,,,,,,,,,,,,,,,,"-61,300,000",,,,,,,,,,,,,,,,,,,,,,,,,,,,,,,,,,,,,,,,,,,,
			PensionAndEmployeeBenefitExpense,"4,000,000","4,000,000",,,,,,,,,,,,,,,,,,,,,,,,,,,,,,,,,,,,,,,,,,,,,,,,,,,,,,,,,,,,,,,,,,,,,,,,,,,,,,,,,,,
		DepreciationAmortizationDepletion,"625,100,000","153,800,000","156,200,000","153,900,000","161,200,000","162,000,000","151,300,000","144,000,000","135,800,000","136,200,000","127,100,000","125,500,000","119,900,000","123,400,000","127,700,000","116,500,000","114,300,000","120,000,000","83,800,000","79,600,000","80,700,000","89,800,000","89,200,000","88,400,000","90,200,000","84,000,000","74,500,000","57,900,000","52,400,000","55,300,000","52,900,000","52,300,000","51,300,000","60,900,000","61,300,000","60,300,000","61,100,000","62,600,000","56,900,000","57,100,000","52,800,000","44,500,000","42,400,000","40,300,000","39,700,000","38,000,000","38,900,000","39,000,000","39,700,000","38,500,000","36,000,000","38,700,000","28,900,000","26,200,000","23,800,000","23,700,000","23,200,000","22,200,000","20,000,000","17,900,000","24,100,000","24,500,000","25,400,000","25,200,000","25,600,000","27,300,000","27,300,000","26,600,000","28,200,000","29,000,000","30,300,000","43,000,000","34,200,000","35,600,000","70,900,000","-600,000","35,600,000","39,800,000","43,900,000","44,300,000","43,800,000","37,100,000","42,800,000","43,200,000","35,800,000"
			DepreciationAndAmortization,"625,100,000","153,800,000","156,200,000","153,900,000","161,200,000","162,000,000","151,300,000","144,000,000","135,800,000","136,200,000","127,100,000","125,500,000","119,900,000","123,400,000","127,700,000","116,500,000","114,300,000","120,000,000","83,800,000","79,600,000","80,700,000","89,800,000","89,200,000","88,400,000","90,200,000","84,000,000","74,500,000","57,900,000","52,400,000","55,300,000","52,900,000","52,300,000","51,300,000","60,900,000","61,300,000","60,300,000","61,100,000","62,600,000","56,900,000","57,100,000","52,800,000","44,500,000","42,400,000","40,300,000","39,700,000","38,000,000","38,900,000","39,000,000","39,700,000","38,500,000","36,000,000","38,700,000","28,900,000","26,200,000","23,800,000","23,700,000","23,200,000","22,200,000","20,000,000","17,900,000","24,100,000","24,500,000","25,400,000","25,200,000","25,600,000","27,300,000","27,300,000","26,600,000","28,200,000","29,000,000","30,300,000","43,000,000","34,200,000","35,600,000","70,900,000","-600,000","35,600,000","39,800,000","43,900,000","44,300,000","43,800,000","37,100,000","42,800,000","43,200,000","35,800,000"
				Depreciation,,,,,,,,,,,,,,,,,,,,,,,,,,,,,,,,,,,,,,,,,,,,,,,,,,,,"37,700,000","27,900,000","25,200,000","22,800,000","22,700,000","22,100,000","21,400,000","19,300,000","17,200,000","23,500,000","24,100,000","25,000,000","24,800,000","25,100,000","25,500,000","25,500,000","24,800,000","26,300,000","27,200,000","28,000,000","40,600,000","32,000,000","33,200,000","67,200,000","-1,000,000","34,000,000","37,800,000","42,600,000","42,900,000","42,500,000",,"41,400,000","41,700,000","34,200,000"
				AmortizationCashFlow,,,,,,,,,,,,,,,,,,,,,,,,,,,,,,,,,,,,,,,,,,,,,,,,,,,,"1,000,000","1,000,000","1,000,000","1,000,000","1,000,000","1,100,000","800,000","700,000","700,000","600,000","400,000","400,000","400,000","500,000","1,800,000","1,800,000","1,800,000","1,900,000","1,800,000","2,300,000","2,400,000","2,200,000","2,400,000","3,700,000","400,000","1,600,000","2,000,000","1,300,000","1,400,000","1,300,000",,"1,400,000","1,500,000","1,600,000"
					AmortizationOfIntangibles,,,,,,,,,,,,,,,,,,,,,,,,,,,,,,,,,,,,,,,,,,,,,,,,,,,,"1,000,000","1,000,000","1,000,000","1,000,000","1,000,000","1,100,000","800,000","700,000","700,000","600,000","400,000","400,000","400,000","500,000","1,800,000","1,800,000","1,800,000","1,900,000","1,800,000","2,300,000","2,400,000","2,200,000","2,400,000","3,700,000","400,000","1,600,000","2,000,000","1,300,000","1,400,000","1,300,000",,"1,400,000","1,500,000","1,600,000"
		DeferredTax,"-122,600,000","26,500,000","-136,800,000","6,700,000","-19,000,000","400,000","-21,500,000","3,300,000","29,000,000","-10,700,000","36,700,000","35,700,000","7,500,000","-444,400,000","38,900,000","21,000,000","36,200,000","-103,600,000","62,300,000","2,100,000","1,100,000","-9,300,000","500,000","0","-400,000","2,900,000","-200,000",,,,"700,000","-6,900,000","500,000","-6,500,000","1,400,000","-1,200,000","3,200,000","3,000,000","2,000,000","-12,400,000","3,200,000","-2,700,000","1,900,000","1,100,000","2,300,000","1,600,000","-1,100,000","-100,000","300,000","2,800,000","-2,500,000","-6,500,000","-600,000","1,300,000","1,100,000","1,200,000","-400,000","3,200,000","400,000","-500,000","400,000","-3,100,000","2,000,000","-2,400,000","-2,200,000","5,500,000","-500,000","-700,000","-800,000","5,100,000","-2,300,000","0","-2,500,000","2,500,000","0","3,200,000","700,000","341,100,000","200,000","-1,400,000","-22,800,000","-1,500,000","9,900,000","-11,600,000","-5,100,000"
			DeferredIncomeTax,"-122,600,000","26,500,000","-136,800,000","6,700,000","-19,000,000","400,000","-21,500,000","3,300,000","29,000,000","-10,700,000","36,700,000","35,700,000","7,500,000","-444,400,000","38,900,000","21,000,000","36,200,000","-103,600,000","62,300,000","2,100,000","1,100,000","-9,300,000","500,000","0","-400,000","2,900,000","-200,000",,,,"700,000","-6,900,000","500,000","-6,500,000","1,400,000","-1,200,000","3,200,000","3,000,000","2,000,000","-12,400,000","3,200,000","-2,700,000","1,900,000","1,100,000","2,300,000","1,600,000","-1,100,000","-100,000","300,000","2,800,000","-2,500,000","-6,500,000","-600,000","1,300,000","1,100,000","1,200,000","-400,000","3,200,000","400,000","-500,000","400,000","-3,100,000","2,000,000","-2,400,000","-2,200,000","5,500,000","-500,000","-700,000","-800,000","5,100,000","-2,300,000","0","-2,500,000","2,500,000","0","3,200,000","700,000","341,100,000","200,000","-1,400,000","-22,800,000","-1,500,000","9,900,000","-11,600,000","-5,100,000"
		AmortizationOfSecurities,,,,,,,,,,,,,,,,,,,,,,,,,,,,,,,,,,,"600,000","600,000","500,000","500,000","600,000","600,000","600,000","600,000","500,000","700,000","700,000","700,000","700,000","800,000","900,000",,,,,,,,,,,,,,,,,,,,,,,,,,,,,,,,,,,,
		AssetImpairmentCharge,"18,800,000","3,300,000","7,000,000","7,100,000","1,400,000","500,000","2,900,000","400,000","1,200,000","21,900,000","15,900,000","17,700,000","9,400,000","16,200,000","30,000,000","23,200,000","18,600,000","26,600,000","4,400,000","20,000,000","17,900,000","14,000,000","10,300,000","14,400,000","17,700,000","33,800,000","9,600,000","6,500,000","6,800,000","10,700,000","9,300,000","24,000,000","15,900,000","202,300,000",,,,"25,100,000",,,,"20,000,000","0",,,"700,000","5,400,000","200,000","0",,,,,,,,,,,,,,,,,,,,,,,,,,,,,,,,,,,,
		StockBasedCompensation,"67,700,000","16,500,000","17,500,000","18,000,000","15,700,000","17,700,000","14,700,000","27,300,000","19,700,000","18,900,000","17,900,000","23,100,000","18,400,000","17,100,000","16,800,000","20,800,000","15,100,000","14,200,000","14,200,000","16,100,000","11,600,000","10,600,000","10,900,000","14,100,000","11,300,000","12,800,000","11,100,000","13,400,000","8,500,000","8,900,000","7,000,000","10,600,000","5,800,000","5,800,000","2,100,000","5,200,000","7,400,000","6,600,000","6,000,000","10,500,000","10,400,000","11,200,000","12,200,000","15,400,000","13,700,000","11,900,000","13,500,000","16,100,000","12,700,000",,,,,,,,,,,,,,,,,,,,,,,,,,,,,,,,,,,,
		OtherNonCashItems,"60,800,000","17,000,000","16,700,000","14,600,000","12,500,000","14,400,000","9,800,000","18,500,000","8,000,000","17,100,000","7,300,000","12,500,000","10,800,000","12,300,000","13,000,000","13,000,000","10,700,000","9,100,000","10,700,000","4,600,000","9,000,000","9,500,000","7,000,000","1,900,000","-900,000","-2,100,000","5,600,000","3,000,000","3,700,000","11,800,000","2,500,000","3,300,000","3,600,000","-31,800,000","15,800,000","17,400,000","22,500,000","-4,000,000","30,700,000","-33,700,000","134,900,000","15,400,000","10,200,000","10,400,000","6,600,000","15,300,000","12,000,000","11,700,000","17,700,000","-31,200,000","19,400,000","21,300,000","29,100,000","6,000,000","5,400,000","5,800,000","6,400,000","6,800,000","10,000,000",,,,,,,,,,,,,,,,,,,,,,,,,,
		ChangeInWorkingCapital,"1,300,000","94,900,000","-59,500,000","-41,800,000","7,700,000","-161,600,000","139,100,000","-74,200,000","-170,000,000","72,800,000","-15,200,000","-101,700,000","-81,300,000","-45,300,000","-2,300,000","45,400,000","-91,800,000","50,500,000","58,600,000","-44,300,000","-41,700,000","-13,000,000","-36,800,000","-68,100,000","-86,200,000","29,400,000","-50,000,000","3,300,000","-54,800,000","4,600,000","-64,800,000","-77,100,000","10,100,000","41,500,000","-82,100,000","-30,900,000","-53,800,000","56,900,000","21,600,000","-400,000","-12,900,000","11,300,000","-30,500,000","13,000,000","-15,100,000","-32,600,000","-10,600,000","-8,100,000","-7,800,000","-16,300,000","20,200,000","-54,100,000","61,300,000","7,500,000","6,000,000","-35,600,000","-17,700,000","17,500,000","-18,400,000","-19,900,000","-15,900,000","-26,400,000","-10,300,000","12,000,000","-9,200,000","-17,300,000","-24,700,000","-2,800,000","3,200,000","1,100,000","-14,800,000","-22,500,000","100,000","2,500,000","-20,600,000","25,400,000","-30,300,000","-48,800,000","-35,900,000","73,000,000","-62,100,000","18,300,000","15,800,000","2,000,000","-26,800,000"
			ChangeInReceivables,"31,400,000","52,900,000","-59,300,000","-14,900,000","52,700,000","11,000,000","-2,600,000","13,700,000","-17,400,000","65,000,000","-38,900,000","-4,400,000","-24,400,000","6,700,000","-1,100,000","-18,300,000","-45,200,000","37,200,000","41,100,000","-50,700,000","500,000","76,300,000","-14,500,000","-36,200,000","-36,900,000","67,000,000","-2,500,000","-11,000,000","-33,000,000","33,700,000","-12,600,000","-41,700,000","-14,800,000","51,900,000","27,500,000","-11,300,000","27,300,000","79,400,000","42,200,000","3,500,000","-36,000,000","20,100,000","4,000,000","-14,900,000","-32,100,000","2,600,000","-9,800,000","-60,400,000","-3,900,000","98,700,000","-23,500,000","-13,500,000","13,200,000","18,700,000","-20,900,000","2,300,000","3,800,000","15,400,000","5,500,000","-22,400,000","-18,100,000","-3,200,000","-22,800,000","10,800,000","-20,200,000","21,000,000","8,900,000","-7,800,000","-17,300,000","14,200,000","-22,300,000","-7,300,000","-5,400,000","20,400,000","-8,700,000","19,900,000","-10,200,000","10,400,000","5,400,000","32,000,000","81,600,000","26,000,000","1,400,000","-12,700,000","-14,400,000"
				ChangesInAccountReceivables,"46,200,000",,"-59,300,000","-14,900,000","52,700,000","11,000,000","-2,600,000","13,700,000","-17,400,000","65,000,000","-38,900,000","-4,400,000","-24,400,000","6,700,000","-1,100,000","-18,300,000","-45,200,000","37,200,000","41,100,000","-50,700,000","500,000","76,300,000","-14,500,000","-36,200,000","-36,900,000","67,000,000","-2,500,000","-11,000,000","-33,000,000","33,700,000","-12,600,000","-41,700,000","-14,800,000",,,,,,,,,,,,,,,,,,,,,,,,,,,,,,,,,,,,,,,,,,,,,,,,,,,,
			ChangeInInventory,"-26,300,000","25,800,000","-600,000","-32,000,000","-19,500,000","8,200,000","29,900,000","-3,500,000","0","-45,000,000","-10,100,000","-56,800,000","-73,300,000","-70,800,000","-49,000,000","-12,000,000","4,900,000","25,800,000","1,000,000","-7,700,000","-27,000,000","-10,400,000","-20,800,000","-6,600,000","-34,700,000","-28,900,000","-16,700,000","-4,600,000","-8,800,000","-32,800,000","-31,500,000","-28,000,000","-5,300,000","29,200,000","17,300,000","-30,400,000","-23,200,000","16,200,000","42,300,000","18,900,000","24,700,000","-17,200,000","-31,900,000","-17,300,000","-17,600,000","-8,800,000","-700,000","25,700,000","28,600,000","-7,700,000","10,200,000","32,000,000","5,500,000","2,200,000","4,000,000","-11,500,000","-2,200,000","-9,400,000","-17,800,000","-26,600,000","-8,100,000","-1,200,000","-3,300,000","600,000","14,500,000","7,400,000","-13,000,000","-15,100,000","-12,200,000","-3,700,000","1,100,000","-7,700,000","-10,700,000","800,000","800,000","3,500,000","2,900,000","-11,900,000","35,500,000","18,100,000","-18,600,000","-22,300,000","-12,500,000","1,000,000","700,000"
			ChangeInPayablesAndAccruedExpense,"15,700,000","25,300,000","11,100,000","9,300,000","-30,000,000","-197,900,000","140,000,000","-66,500,000","-157,200,000","53,800,000","56,000,000","-23,400,000","14,900,000","28,400,000","59,000,000","103,200,000","72,300,000","-4,700,000","30,600,000","15,600,000","-14,400,000","-56,100,000","44,300,000","-25,200,000","-11,500,000","-14,200,000","-18,300,000","9,600,000","-5,700,000","33,600,000","5,600,000","-3,800,000","-7,100,000","-32,400,000","-95,100,000","41,400,000","-69,300,000","-13,200,000","-60,500,000","-21,900,000","-49,200,000","6,000,000","-1,700,000","28,800,000","16,600,000","6,500,000","1,500,000","27,100,000","-31,400,000","-106,000,000","8,000,000","-42,000,000","12,800,000","32,200,000","15,300,000","-6,100,000","-12,900,000","4,700,000","5,500,000","-300,000","-4,900,000","12,100,000","2,700,000","10,100,000","-13,300,000","-6,100,000","-14,400,000","-1,300,000","10,700,000","-5,600,000","8,000,000","-500,000","39,400,000","-9,600,000","-3,400,000","-18,800,000","600,000","-9,800,000","-20,600,000","-3,100,000","-29,300,000","21,100,000","15,100,000","18,100,000","7,300,000"
				ChangeInPayable,"34,200,000","30,800,000","1,100,000","14,700,000","-12,400,000","-1,900,000","11,900,000","-31,100,000","-58,800,000","25,500,000","-2,000,000","-3,100,000","24,400,000","-8,000,000","24,100,000","26,500,000","9,200,000","14,000,000","23,200,000","10,700,000","-5,500,000","-20,400,000","10,800,000","-16,500,000","-6,100,000","-28,500,000","11,400,000","-600,000","400,000","8,300,000","-300,000","9,100,000","-10,500,000","-33,700,000","-53,000,000","8,700,000","-85,900,000","-17,100,000","-36,300,000","-30,300,000","-23,600,000","-3,400,000","2,800,000","19,700,000","7,700,000","12,800,000","100,000","22,700,000","-25,200,000",,,,,,,,,,,,,,,,,,,,,,,,,,,,,,,,,,,,
					ChangeInTaxPayable,,,,,,,,,,,,,,,,,,,,,,,,,,,,,,,"1,600,000","-2,800,000","-1,500,000","-1,200,000","1,900,000","1,400,000","-4,700,000","-6,300,000","10,400,000","1,300,000","-3,000,000","2,600,000","600,000","-1,100,000","-2,100,000","-2,000,000","100,000","1,400,000","1,100,000",,,,,,,,,,,,,,,,,,,,,,,,,,,,,,,,,,,,
						ChangeInIncomeTaxPayable,,,,,,,,,,,,,,,,,,,,,,,,,,,,,,,"1,600,000","-2,800,000","-1,500,000","-1,200,000","1,900,000","1,400,000","-4,700,000","-6,300,000","10,400,000","1,300,000","-3,000,000","2,600,000","600,000","-1,100,000","-2,100,000","-2,000,000","100,000","1,400,000","1,100,000",,,,,,,,,,,,,,,,,,,,,,,,,,,,,,,,,,,,
					ChangeInAccountPayable,"34,200,000","30,800,000","1,100,000","14,700,000","-12,400,000","-1,900,000","11,900,000","-31,100,000","-58,800,000","25,500,000","-2,000,000","-3,100,000","24,400,000","-8,000,000","24,100,000","26,500,000","9,200,000","14,000,000","23,200,000","10,700,000","-5,500,000","-20,400,000","10,800,000","-16,500,000","-6,100,000","-28,500,000","11,400,000","-600,000","400,000","5,600,000","-1,900,000","11,900,000","-9,000,000","-32,500,000","-54,900,000","7,300,000","-81,200,000","-10,800,000","-46,700,000","-31,600,000","-20,600,000","-6,000,000","2,200,000","20,800,000","9,800,000","14,800,000","0","21,300,000","-26,300,000",,,,,,,,,,,,,,,,,,,,,,,,,,,,,,,,,,,,
				ChangeInAccruedExpense,"-18,500,000","-5,500,000","10,000,000","-5,400,000","-17,600,000","-196,000,000","128,100,000","-35,400,000","-98,400,000","28,300,000","58,000,000","-20,300,000","-9,500,000","36,400,000","34,900,000","76,700,000","63,100,000","-18,700,000","7,400,000","4,900,000","-8,900,000","-35,700,000","33,500,000","-8,700,000","-5,400,000","14,300,000","-29,700,000","10,200,000","-6,100,000","25,300,000","5,900,000","-12,900,000","3,400,000","1,300,000","-42,100,000","32,700,000","16,600,000","3,900,000","-24,200,000","8,400,000","-25,600,000","9,400,000","-4,500,000","9,100,000","8,900,000","-6,300,000","1,400,000","4,400,000","-6,200,000",,,,,,,,,,,,,,,,,,,,,,,,,,,,,,,,,,,,
					ChangeInInterestPayable,,,,,,,,,,,,,,,,,,,,,,,,,,,,,,,"2,700,000","-2,800,000","4,500,000","-3,500,000","3,200,000","-3,300,000","3,500,000","-3,300,000","3,100,000","-3,600,000","3,700,000","-3,700,000","3,700,000","-3,800,000","3,700,000","-3,800,000","3,600,000","-3,900,000","3,700,000",,,,,,,,,,,,,,,,,,,,,,,,,,,,,,,,,,,,
			ChangeInOtherCurrentAssets,"-60,000,000","-32,800,000","-30,700,000","-2,400,000","5,900,000","-5,100,000","-21,100,000","-8,000,000","-400,000","-12,100,000","-20,400,000","-3,500,000","-1,400,000","-34,100,000","-10,600,000","-23,600,000","-17,700,000","-1,300,000","-12,700,000","-8,900,000","-2,000,000","5,200,000","-22,500,000","3,200,000","3,900,000","-700,000","-13,400,000","5,200,000","-5,200,000","2,300,000","-14,000,000","-5,200,000","37,300,000",,,,,,,,,,,,,,,,,,,,,,,,,,,,"-9,100,000","-5,100,000","2,100,000","-6,300,000","3,100,000","-3,900,000","500,000","-400,000","6,000,000","4,900,000","-4,000,000","-3,700,000","7,800,000","-1,100,000","-7,400,000","4,600,000","-1,200,000","15,200,000","-5,900,000","2,500,000","-15,600,000",,"-6,300,000","-6,900,000","-5,200,000"
			ChangeInOtherCurrentLiabilities,,,,,,,,,,,,,,,,,,,,,,,,,,,,,,,,,,,,,,"-16,400,000","700,000","18,200,000","20,000,000","15,000,000","6,700,000","18,700,000","10,300,000","-2,800,000","-1,200,000","1,900,000","-13,300,000","-10,500,000","14,000,000","-34,800,000","20,000,000","-2,900,000","9,500,000","-15,700,000","-5,500,000","2,400,000","-5,000,000","32,400,000","22,400,000","-24,900,000","11,000,000","-3,200,000","6,700,000","-35,700,000","-6,700,000","21,800,000","16,000,000","-7,300,000","2,400,000","-3,300,000","-31,000,000","-8,000,000","-1,900,000","16,200,000","-22,400,000","-52,700,000","-50,300,000","23,500,000","-80,200,000",,"18,100,000","2,500,000","-15,200,000"
			ChangeInOtherWorkingCapital,"40,500,000","23,700,000","20,000,000","-1,800,000","-1,400,000","22,200,000","-7,100,000","-9,900,000","5,000,000","11,100,000","-1,800,000","-13,600,000","2,900,000","24,500,000","-600,000","-3,900,000","-106,100,000","-6,500,000","-1,400,000","7,400,000","1,200,000","-28,000,000","-23,300,000","-3,300,000","-7,000,000","6,200,000","900,000","4,100,000","-2,100,000","-32,200,000","-12,300,000","-3,600,000","37,300,000","2,700,000","-31,800,000","-30,600,000","11,400,000","-9,100,000","-3,100,000","-19,100,000","27,600,000","4,500,000","-7,600,000","-2,300,000","7,700,000","-20,100,000","-10,400,000","-2,400,000","12,200,000","9,200,000","11,500,000","4,200,000","9,800,000","-42,700,000","-1,900,000","-4,600,000","-900,000","4,400,000","-6,600,000","-12,100,000","1,900,000",,,,,,,,,,,,,,,,,,,,,,,,
		InterestPaidCFO,"-168,400,000","-41,800,000",,,,,,,,,,,,,,,,,,,,,,,,,,,,,,,,,,,,,,,,,,,,,,,,,,,,,,,,,,,,,,,,,,,,,,,,,,,,,,,,,,,
		InterestReceivedCFO,"4,900,000","600,000",,,,,,,,,,,,,,,,,,,,,,,,,,,,,,,,,,,,,,,,,,,,,,,,,,,,,,,,,,,,,,,,,,,,,,,,,,,,,,,,,,,
		TaxesRefundPaid,"59,800,000","-30,700,000","83,100,000",,,,,,,,,,,,,,,,,,,,,,,,,,,,,,,,,,,,,,,,,,,,,,,,,,,,,,,,,,,,,,,,,,,,,,,,,,,,,,,,,,
InvestingCashFlow,"-453,600,000","-211,700,000","-59,200,000","-74,100,000","-108,600,000","-107,000,000","-132,500,000","-1,104,300,000","-167,100,000","-93,600,000","-120,500,000","-229,300,000","-105,500,000","-170,600,000","-73,000,000","-65,800,000","-55,100,000","-59,800,000","-2,185,800,000","-118,200,000","-70,800,000","-66,100,000","-71,700,000","-72,500,000","-54,200,000","-55,200,000","-438,400,000","-86,900,000","14,900,000","49,200,000","-51,500,000","-153,900,000","38,000,000","20,200,000","-59,800,000","16,400,000","-110,200,000","-114,500,000","-151,000,000","-154,000,000","-4,200,000","-145,400,000","-51,200,000","-75,900,000","-63,200,000","-3,300,000","-86,100,000","-14,800,000","-22,100,000","2,500,000","-30,200,000","-29,400,000","184,800,000","-175,900,000","-33,000,000","-24,000,000","-43,200,000","109,800,000","-96,700,000","-112,500,000","-30,800,000","-12,600,000","-1,200,000","2,900,000","45,700,000","-89,300,000","-16,400,000","-14,300,000","-30,600,000","-25,100,000","-3,700,000","-20,400,000","-6,000,000","-1,300,000","-13,200,000","-2,100,000","-5,400,000","-7,300,000","-10,900,000","-34,300,000","-36,800,000","-81,100,000","-67,000,000","-300,500,000","-19,300,000"
	CashFlowFromContinuingInvestingActivities,"-453,600,000","-211,700,000","-59,200,000","-74,100,000","-108,600,000","-107,000,000","-132,500,000","-1,104,300,000","-167,100,000","-93,600,000","-120,500,000","-229,300,000","-105,500,000","-170,600,000","-73,000,000","-65,800,000","-55,100,000","-59,800,000","-2,185,800,000","-118,200,000","-70,800,000","-66,100,000","-71,700,000","-72,500,000","-54,200,000","-55,200,000","-438,400,000","-86,900,000","14,900,000","49,200,000","-51,500,000","-153,900,000","38,000,000","20,200,000","-59,800,000","16,400,000","-110,200,000","-114,500,000","-151,000,000","-154,000,000","-4,200,000","-145,400,000","-51,200,000","-75,900,000","-63,200,000","-3,300,000","-86,100,000","-14,800,000","-22,100,000","2,500,000","-30,200,000","-29,400,000","184,800,000","-175,900,000","-33,000,000","-24,000,000","-43,200,000","109,800,000","-96,700,000","-112,500,000","-30,800,000","-12,600,000","-1,200,000","2,900,000","45,700,000","-89,300,000","-16,400,000","-14,300,000","-30,600,000","-25,100,000","-3,700,000","-20,400,000","-6,000,000","-1,300,000","-13,200,000","-2,100,000","-5,400,000","-7,300,000","-10,900,000","-34,300,000","-36,800,000","-81,100,000","-67,000,000","-300,500,000","-19,300,000"
		NetPPEPurchaseAndSale,"-375,100,000","-111,700,000","-59,200,000","-74,100,000","-130,100,000","-107,200,000","-111,500,000","-142,300,000","-167,100,000","-92,100,000","-122,000,000","-154,600,000","-105,500,000","-169,600,000","-93,000,000","-66,100,000","-52,700,000","-53,000,000","-37,200,000","-51,500,000","-70,800,000","-66,900,000","-64,200,000","-74,600,000","-55,400,000","-39,500,000","-65,700,000","-48,700,000","-46,300,000","-18,700,000","-50,300,000","-48,300,000","-29,500,000","-45,100,000","-76,800,000","-57,200,000","-58,100,000","-57,600,000","-84,800,000","-81,500,000","-88,700,000","-8,100,000","-51,500,000","-52,500,000","-41,900,000","-10,200,000","-11,100,000","-14,800,000","-22,100,000","-19,000,000","-30,200,000","-29,300,000","23,100,000","-28,900,000","-31,300,000","-25,600,000","-41,800,000","67,700,000","-51,800,000","-112,800,000","-33,100,000","-12,000,000","-12,400,000","-12,900,000","-8,300,000","-16,100,000","-16,400,000","-14,300,000","-30,600,000","-18,300,000","-3,700,000","-18,600,000","-6,000,000","-1,300,000","-13,200,000","-2,100,000","-5,400,000","-6,100,000","-12,100,000","-34,300,000","-51,600,000","-72,600,000","-55,000,000","-40,800,000","-12,300,000"
			PurchaseOfPPE,"-383,600,000","-116,400,000","-61,600,000","-73,300,000","-132,300,000","-112,200,000","-111,600,000","-143,700,000","-167,100,000","-126,400,000","-122,300,000","-155,000,000","-111,100,000","-181,800,000","-92,200,000","-68,800,000","-52,900,000","-52,100,000","-35,900,000","-52,000,000","-72,900,000","-67,400,000","-64,500,000","-75,500,000","-64,800,000","-41,300,000","-66,500,000","-48,800,000","-47,700,000","-19,800,000","-50,500,000","-47,300,000","-38,900,000","-59,100,000","-80,000,000","-57,200,000","-60,000,000","-57,600,000","-84,800,000","-84,800,000","-88,700,000","-45,200,000","-51,500,000","-52,500,000","-41,900,000","-10,500,000","-11,000,000","-14,700,000","-22,300,000","-19,700,000","-30,500,000","-29,300,000","-15,500,000","-30,300,000","-33,800,000","-27,600,000","-49,000,000","-11,900,000","-52,000,000","-113,700,000","-33,300,000","-12,600,000","-13,200,000","-13,000,000","-9,000,000","-16,700,000","-16,400,000","-18,100,000","-30,600,000","-18,300,000","-16,900,000","-18,600,000","-6,000,000","-2,500,000","-14,200,000","-4,200,000","-5,600,000","-17,900,000","-12,000,000","-36,100,000","-51,900,000","-72,800,000","-55,200,000","-49,700,000","-21,100,000"
			SaleOfPPE,"8,500,000","4,700,000","2,400,000","-800,000","2,200,000","5,000,000","100,000","1,400,000","0","34,300,000","300,000","400,000","5,600,000","12,200,000","-800,000","2,700,000","200,000","-900,000","-1,300,000","500,000","2,100,000","500,000","300,000","900,000","9,400,000","1,800,000","800,000","100,000","1,400,000","1,100,000","200,000","-1,000,000","9,400,000","14,000,000","3,200,000","0","1,900,000","0","0",,,,,,,"300,000","-100,000","-100,000","200,000","700,000","300,000","0","38,600,000","1,400,000","2,500,000","2,000,000","7,200,000","79,600,000","200,000","900,000","200,000","600,000","800,000","100,000","700,000","600,000","0",,,"0",,,,"1,200,000","1,000,000","2,100,000","200,000","11,800,000","-100,000","1,800,000","300,000","200,000","200,000","8,900,000","8,800,000"
		NetIntangiblesPurchaseAndSale,"-100,000,000","-100,000,000","0","0",,"0","0",,,,,,,,,,,,,,,,,,,,,,,,,,,,,,,,,,,,,,,,,,,,,,,,,,,,,,,,,,,,,,,,,,,,,,,,,,,,,,
			PurchaseOfIntangibles,"-100,000,000","-100,000,000","0","0",,"0","0",,,,,,,,,,,,,,,,,,,,,,,,,,,,,,,,,,,,,,,,,,,,,,,,,,,,,,,,,,,,,,,,,,,,,,,,,,,,,,
		NetBusinessPurchaseAndSale,"21,500,000","0","0","0","21,500,000","200,000","-21,000,000",,,"-3,700,000","1,500,000","-84,900,000","0","0","20,000,000","0","-800,000","-6,800,000","-2,173,200,000","0","0","-21,200,000","-7,200,000","0","-2,900,000","-600,000","-332,200,000",,,,,,,"0","0","0","0","0","0","39,700,000","-57,600,000","100,000","-900,000","-23,400,000","-66,800,000","-16,700,000","0","0","0","21,500,000","0","0","161,600,000",,,,,,,,,,,,,,,,,,,,,,,,,,,,,,,,
			PurchaseOfBusiness,"-4,500,000","0","0","0","-4,500,000","0","-21,000,000",,,"-4,800,000","-200,000","-90,500,000","0","0","0","0","-800,000","-6,800,000","-2,277,200,000","0","0","-21,200,000","-7,200,000","0","-2,900,000","-600,000","-332,200,000",,,,,,,"0","0","0","0","0","0","39,700,000","-57,600,000",,"-900,000","-23,400,000","-66,800,000",,,"0","0",,,,,,,,,,,,,,,,,,,,,,,,,,,,,,,,,,,,
			SaleOfBusiness,"26,000,000","0","0","0","26,000,000","200,000","0",,,"1,100,000","1,700,000",,,"0",,,,"0",,,,,,,,,,,,,,,,,,,,,,,,,,,,,,,,,,,,,,,,,,,,,,,,,,,,,,,,,,,,,,,,,,,
		NetInvestmentPurchaseAndSale,,,,,,,,,,,"0","0","0","0","0","0","-1,600,000","0","0","0","0","800,000","500,000","2,100,000","4,100,000","-15,100,000","-500,000","52,700,000","61,200,000","67,900,000","-1,200,000","-105,600,000","67,500,000","76,800,000","17,000,000","73,600,000","-63,600,000","-70,200,000","-66,200,000","-112,200,000","0","-136,200,000","0","0","45,500,000",,,,,,,,,"0",,,,"35,400,000","-35,400,000","0","2,300,000","0","11,200,000","15,800,000","54,000,000",,,,,,,,,,,,,"400,000",,,,,,,
			PurchaseOfInvestment,,,,,,,,,,,"0","0","0","0","0","0","-1,600,000","0","0","0","0","0","-100,000","100,000","-800,000","-15,800,000","-500,000","0","-2,300,000","-700,000","-32,700,000","-156,300,000","-6,000,000","-12,100,000","-39,100,000","-59,300,000","-163,300,000","-192,400,000","-66,200,000",,,"-136,200,000",,,,,,,,,,,,"0",,,,"0",,,,"0","0","0","-18,200,000",,,,,,,,,,,,,,,,,,,,
			SaleOfInvestment,,,,,,,,,,,,,,,,,,"0","0","0","0","800,000","600,000","2,000,000","4,900,000","700,000","0","52,700,000","63,500,000","68,600,000","31,500,000","50,700,000","73,500,000","88,900,000","56,100,000","132,900,000","99,700,000","122,200,000","0","0","0","0","0","0","45,500,000",,,,,,,,,,,,,"35,400,000","0","0","2,300,000","0","11,200,000","15,800,000","72,200,000",,,,,,,,,,,,,"400,000",,,,,,,
		NetOtherInvestingChanges,,,,,,,,,,"2,200,000","0",,,"-1,000,000","0",,,"0","24,600,000",,,"21,200,000",,,,"0",,,,,,,,,"0","0","11,500,000","13,300,000","0","0","142,100,000",,,,,,,,,,,,"100,000",,,"1,600,000","-1,400,000","6,700,000","-9,500,000",,,,,,,,,,,"-6,800,000","0",,,,,,,"-1,500,000","-18,900,000","100,000","14,800,000","248,700,000","-265,200,000","-6,500,000","-7,000,000"
FinancingCashFlow,"-244,000,000","-762,200,000","-510,400,000","-1,600,000","1,030,200,000","-19,000,000","-80,200,000","823,400,000","-101,100,000","-209,000,000","-136,300,000","-112,900,000","-146,900,000","-5,600,000","-225,800,000","-124,600,000","-454,900,000","-14,600,000","2,345,300,000","-21,500,000","-44,500,000","-30,100,000","-77,200,000","120,700,000","-113,200,000","-84,000,000","241,600,000","-27,900,000","-38,300,000","-33,600,000","-34,300,000","-40,900,000","-65,200,000","-83,600,000","-49,700,000","-140,900,000","-25,500,000","-54,900,000","-70,200,000","6,800,000","21,100,000","46,100,000","22,500,000","-176,900,000","-11,100,000","31,600,000","-10,300,000","-42,700,000","-62,400,000","-45,800,000","-5,900,000","4,200,000","-289,600,000","23,000,000","5,200,000","-51,000,000","-12,700,000","-202,900,000","-54,000,000","74,400,000","-2,000,000","-72,100,000","-10,700,000","-6,700,000","-10,100,000","40,300,000","-39,500,000","-1,900,000","32,500,000","0","4,300,000","-800,000","900,000","-3,600,000","-2,500,000","1,400,000","-2,300,000","-7,300,000","95,700,000","125,900,000","2,400,000","32,900,000","200,000","195,700,000","0"
	CashFlowFromContinuingFinancingActivities,"-244,000,000","-762,200,000","-510,400,000","-1,600,000","1,030,200,000","-19,000,000","-80,200,000","823,400,000","-101,100,000","-209,000,000","-136,300,000","-112,900,000","-146,900,000","-5,600,000","-225,800,000","-124,600,000","-454,900,000","-14,600,000","2,345,300,000","-21,500,000","-44,500,000","-30,100,000","-77,200,000","120,700,000","-113,200,000","-84,000,000","241,600,000","-27,900,000","-38,300,000","-33,600,000","-34,300,000","-40,900,000","-65,200,000","-83,600,000","-49,700,000","-140,900,000","-25,500,000","-54,900,000","-70,200,000","6,800,000","21,100,000","46,100,000","22,500,000","-176,900,000","-11,100,000","31,600,000","-10,300,000","-42,700,000","-62,400,000","-45,800,000","-5,900,000","4,200,000","-289,600,000","23,000,000","5,200,000","-51,000,000","-12,700,000","-202,900,000","-54,000,000","74,400,000","-2,000,000","-72,100,000","-10,700,000","-6,700,000","-10,100,000","40,300,000","-39,500,000","-1,900,000","32,500,000","0","4,300,000","-800,000","900,000","-3,600,000","-2,500,000","1,400,000","-2,300,000","-7,300,000","95,700,000","125,900,000","2,400,000","32,900,000","200,000","195,700,000","0"
		NetIssuancePaymentsOfDebt,"-165,900,000","-759,300,000","-511,300,000","-4,300,000","1,109,000,000","-14,500,000","-41,200,000","873,200,000","-7,900,000","-11,700,000","-63,900,000","-79,400,000","-131,700,000","-16,000,000","-216,200,000","-131,100,000","-370,800,000","-23,900,000","2,346,000,000","-23,400,000","-40,500,000","-13,500,000","22,500,000","321,900,000","-32,200,000","-600,000","259,300,000","-22,700,000","-24,000,000","26,500,000","-12,200,000","-36,400,000","-66,800,000","-57,500,000","-29,100,000","-140,700,000","-25,000,000","-38,200,000","-14,000,000","-6,800,000","-14,300,000","33,600,000","23,300,000","-178,200,000","-13,400,000","29,800,000","-17,600,000","-47,400,000","-63,000,000","-47,700,000","-11,300,000","-5,900,000","-288,200,000","19,800,000","-6,000,000","-6,600,000","-29,800,000","104,700,000","-54,300,000","-5,000,000","-6,300,000","-71,600,000","-13,300,000","-7,100,000","-9,400,000","-13,300,000","-300,000","12,700,000","-199,500,000","0","-154,300,000","0","10,000,000","7,800,000","-4,100,000","2,300,000","-3,500,000","-3,500,000","-3,400,000",,,"29,300,000","-3,200,000",,
			NetLongTermDebtIssuance,"-165,900,000","-759,300,000","-511,300,000","-4,300,000","1,109,000,000","-14,500,000","-41,200,000","873,200,000","-7,900,000","-11,700,000","-63,900,000","-79,400,000","-131,700,000","-16,000,000","-216,200,000","-131,100,000","-370,800,000","-23,900,000","2,346,000,000","-23,400,000","-40,500,000","-13,500,000","22,500,000","321,900,000","-32,200,000","-600,000","259,300,000","-22,700,000","-24,000,000","26,500,000","-12,200,000","-36,400,000","-66,800,000","-57,500,000","-29,100,000","-140,700,000","-25,000,000","-38,200,000","-14,000,000","-6,800,000","-14,300,000","33,600,000","23,300,000","-178,200,000","-13,400,000","29,800,000","-17,600,000","-47,400,000","-63,000,000",,,,,,,,,,,,,,,,,,,,,,,,,,,,,,,,,,,,
				LongTermDebtIssuance,"1,858,000,000","0","693,000,000","0","1,165,000,000","0","500,500,000","899,800,000","4,500,000","7,100,000","700,000","2,200,000","5,300,000","405,000,000","5,300,000","6,900,000","689,000,000","5,000,000","2,572,400,000","5,000,000","4,500,000","8,400,000","52,200,000","749,400,000","6,500,000","38,900,000","292,500,000","15,000,000","0","127,500,000","20,000,000","0","26,200,000","12,500,000","9,100,000","0","2,000,000","5,000,000","22,700,000","26,100,000","15,200,000","73,000,000","55,800,000","23,000,000","200,000","60,800,000","11,700,000",,,,,,,,,,,,,,,,,,,,,,,,,,,,,,,,,,,,,,
				LongTermDebtPayments,"-2,023,900,000","-759,300,000","-1,204,300,000","-4,300,000","-56,000,000","-14,500,000","-541,700,000","-26,600,000","-12,400,000","-18,800,000","-64,600,000","-81,600,000","-137,000,000","-421,000,000","-221,500,000","-138,000,000","-1,059,800,000","-28,900,000","-226,400,000","-28,400,000","-45,000,000","-21,900,000","-29,700,000","-427,500,000","-38,700,000","-39,500,000","-33,200,000","-37,700,000","-24,000,000","-101,000,000","-32,200,000","-36,400,000","-93,000,000","-70,000,000","-38,200,000","-140,700,000","-27,000,000","-43,200,000","-36,700,000","-32,900,000","-29,500,000","-39,400,000","-32,500,000","-201,200,000","-13,600,000","-31,000,000","-29,300,000","-54,400,000","-63,000,000",,,,,,,,,,,,,,,,,,,,,,,,,,,,,,,,,,,,
		NetCommonStockIssuance,"-65,400,000","0","0","0","-65,400,000","0","-13,200,000","-50,800,000","-75,000,000","-200,300,000","-75,000,000","-40,000,000","0","0","0","0","-25,000,000","0","0","0","0","-20,000,000","-103,100,000","-130,100,000","-95,000,000","-68,100,000","-22,900,000","-11,400,000","-19,400,000","-65,200,000","-26,400,000",,,"-37,300,000","-12,200,000","-700,000","-5,300,000","-1,900,000","-1,200,000","-2,400,000","-5,700,000","-2,900,000","-1,400,000","-1,500,000","-2,200,000","-1,800,000","-2,600,000","1,100,000","200,000","-13,400,000","5,400,000","10,100,000","100,000","6,700,000","9,000,000","-44,400,000","20,300,000","-294,800,000","2,000,000","80,700,000","5,700,000","1,500,000","2,600,000","900,000","1,000,000","1,300,000","900,000","500,000","233,300,000","2,500,000","160,800,000","500,000","200,000","700,000","1,600,000","-900,000","1,200,000","300,000","100,100,000","1,500,000","2,400,000","234,300,000","-228,200,000",,
			CommonStockIssuance,,,,,,,,,,,,,,,,,,,,,,,,,,,,,,,,,,,"2,000,000","2,300,000","0","2,000,000","2,100,000","2,100,000","1,900,000","1,900,000","1,800,000","1,700,000","1,600,000","1,800,000","1,500,000","1,200,000","1,000,000","-12,200,000","6,400,000","10,300,000","600,000","6,700,000","9,000,000","10,800,000","20,300,000","5,200,000","2,000,000","80,700,000","5,700,000","1,800,000","2,600,000","900,000","1,000,000","1,300,000","900,000","500,000","233,300,000","2,500,000","160,800,000","500,000","200,000","700,000","1,600,000","-900,000","1,200,000","300,000","100,100,000","1,500,000","2,400,000","5,900,000","200,000",,
			CommonStockPayments,"-65,400,000","0","0","0","-65,400,000","0","-13,200,000","-50,800,000","-75,000,000","-200,300,000","-75,000,000","-40,000,000","0","0","0","0","-25,000,000","0","0","0","0","-20,000,000","-103,100,000","-130,100,000","-95,000,000","-68,100,000","-22,900,000","-11,400,000","-19,400,000","-65,200,000","-26,400,000",,,"-33,000,000","-14,200,000","-3,000,000","-5,300,000","-3,900,000","-3,300,000","-4,500,000","-7,600,000","-4,800,000","-3,200,000","-3,200,000","-3,800,000","-3,600,000","-4,100,000","-100,000","-800,000","-1,200,000","-1,000,000","-200,000","-500,000","0","0",,,,,,,,,,,,,,,,,,,,,,,,,,,,,,
		CashDividendsPaid,,,,,,,,,,,,,,,,,,,,,,,,,,,,,,,,,,,,,,,,,,,,,,"0","0","0","0","0",,,,,,,,,,,,"-2,200,000","0","-500,000","-1,500,000","-2,100,000","0","-1,100,000","-1,000,000",,,,,,,,,,,,,,,,
		ProceedsFromStockOptionExercised,"23,600,000","5,800,000","6,400,000","3,900,000","7,500,000","7,000,000","6,200,000","6,800,000","7,900,000","7,600,000","11,900,000","7,600,000","3,600,000","19,300,000","1,800,000","7,100,000","98,600,000","13,900,000","6,800,000","4,000,000","5,200,000","5,700,000","5,300,000","57,500,000","25,200,000","9,700,000","7,300,000","8,300,000","9,600,000","6,800,000","4,900,000","4,900,000","3,800,000","11,700,000","700,000","500,000","4,800,000","1,100,000","1,200,000","16,000,000","41,100,000","15,400,000","600,000","2,800,000","4,500,000","3,600,000","9,900,000","3,600,000","400,000",,,,,,,,,,,,,,,,,,,,,,,,,,,,,,,,,,,,
		NetOtherFinancingCharges,"-36,300,000","-8,700,000","-5,500,000","-1,200,000","-20,900,000","-11,500,000","-32,000,000","-5,800,000","-26,100,000","-4,600,000","-9,300,000","-1,100,000","-18,800,000","-8,900,000","-11,400,000","-600,000","-157,700,000","-4,600,000","-7,500,000","-2,100,000","-9,200,000","-2,300,000","-1,900,000","-128,600,000","-11,200,000","-25,000,000","-2,100,000","-2,100,000","-4,500,000","-1,700,000","-600,000","0","-2,200,000","-500,000",,,,"-15,900,000",,,,,,,,,,,,,,"0","-1,500,000","-7,600,000","6,300,000","0","-3,200,000","-12,800,000","-1,700,000","-1,300,000","-1,400,000",,"0","0","-200,000",,"-40,100,000","-14,000,000","-300,000","-2,500,000","-2,200,000","-1,300,000","-9,300,000",,,,,"-4,100,000",,,,,,,
EndCashPosition,"1,081,500,000","1,081,500,000","1,654,800,000","2,060,700,000","1,982,000,000","894,200,000","928,700,000","899,100,000","957,100,000","1,087,100,000","968,500,000","867,700,000","942,300,000","949,200,000","901,200,000","871,600,000","728,900,000","1,028,100,000","880,500,000","588,100,000","619,500,000","617,600,000","556,800,000","576,600,000","428,100,000","511,700,000","492,100,000","598,900,000","562,000,000","509,500,000","369,500,000","396,100,000","537,000,000","486,900,000","421,400,000","517,800,000","580,100,000","652,900,000","659,300,000","756,600,000","766,000,000","623,300,000","562,900,000","467,100,000","560,700,000","525,700,000","395,200,000","403,400,000","402,400,000","458,700,000","417,900,000","321,200,000","307,900,000","274,600,000","327,100,000","255,800,000","275,800,000","268,800,000","233,400,000","294,700,000","251,300,000","233,300,000","272,300,000","235,600,000","177,500,000","105,700,000","231,800,000","257,700,000","221,400,000","186,600,000","183,600,000","181,200,000","189,100,000","182,400,000","179,800,000","167,700,000","147,600,000","179,800,000","206,000,000","175,700,000","74,700,000","188,900,000","159,300,000","124,400,000","140,300,000"
	ChangesInCash,"186,700,000","-573,500,000","-406,200,000","78,800,000","1,087,600,000","-34,300,000","29,500,000","-58,300,000","-130,000,000","118,400,000","101,400,000","-73,700,000","-25,900,000","48,100,000","29,400,000","142,800,000","-301,500,000","155,000,000","292,200,000","-35,500,000","-400,000","61,000,000","-20,600,000","149,800,000","-83,900,000","23,300,000","-104,500,000","36,800,000","51,500,000","142,600,000","-25,900,000","-139,600,000","58,000,000","73,200,000","-97,600,000","-65,400,000","-67,300,000","-4,700,000","-102,000,000","-11,200,000","142,500,000","60,500,000","94,900,000","-93,900,000","35,200,000","130,600,000","-8,800,000","800,000","-55,800,000","37,900,000","97,700,000","16,700,000","32,100,000","-52,700,000","70,600,000","-19,600,000","7,200,000","35,500,000","-61,200,000","43,100,000","17,700,000","-38,500,000","36,800,000","58,200,000","71,800,000","-126,800,000","-25,400,000","36,700,000","34,700,000","2,700,000","1,800,000","-16,000,000","6,400,000","2,400,000","-19,900,000","51,200,000","-32,100,000","-25,900,000","29,900,000","101,000,000","-114,900,000","29,600,000","35,100,000","-16,000,000","13,500,000"
	EffectOfExchangeRateChanges,"600,000","200,000","300,000","-100,000","200,000","-200,000","100,000","300,000","0","200,000","-600,000","-900,000","1,600,000","-100,000","200,000","-100,000","2,300,000","-7,400,000","200,000","4,100,000","2,300,000","-200,000","800,000","-1,300,000","300,000","-3,700,000","-2,300,000","100,000","1,000,000","-2,600,000","-700,000","-1,300,000","-7,900,000","-7,700,000","1,200,000","3,100,000","-5,500,000","-1,700,000","4,700,000","1,800,000","200,000","-100,000","900,000","300,000","-200,000","-100,000","600,000","200,000","-500,000","2,900,000","-1,000,000","-3,400,000","1,200,000","200,000","700,000","-400,000","-200,000","-100,000","-100,000","300,000","300,000","-500,000","-100,000",,,"700,000","-500,000","-400,000","100,000","300,000","600,000","100,000","300,000","200,000","-200,000","1,100,000","-100,000","-200,000","300,000","0","700,000","0","-200,000",,
	BeginningCashPosition,"894,200,000","1,654,800,000","2,060,700,000","1,982,000,000","894,200,000","928,700,000","899,100,000","957,100,000","1,087,100,000","968,500,000","867,700,000","942,300,000","966,600,000","901,200,000","871,600,000","728,900,000","1,028,100,000","880,500,000","588,100,000","619,500,000","617,600,000","556,800,000","576,600,000","428,100,000","511,700,000","492,100,000","598,900,000","562,000,000","509,500,000","369,500,000","396,100,000","537,000,000","486,900,000","421,400,000","517,800,000","580,100,000","652,900,000","659,300,000","756,600,000","766,000,000","623,300,000","562,900,000","467,100,000","560,700,000","525,700,000","395,200,000","403,400,000","402,400,000","458,700,000","417,900,000","321,200,000","307,900,000","274,600,000","327,100,000","255,800,000","275,800,000","268,800,000","233,400,000","294,700,000","251,300,000","233,300,000","272,300,000","235,600,000","177,500,000","105,700,000","231,800,000","257,700,000","221,400,000","186,600,000","183,600,000","181,200,000","189,100,000","182,400,000","179,800,000","167,700,000","147,600,000","179,800,000","206,000,000","175,700,000","74,700,000","188,900,000","159,300,000","124,400,000","140,300,000","126,800,000"
IncomeTaxPaidSupplementalData,,,,,"9,900,000",,,,"15,600,000",,,,,"18,900,000","13,400,000","17,100,000","18,400,000","8,200,000","6,500,000","7,200,000","5,400,000","5,000,000","3,700,000","5,900,000","5,400,000","2,600,000","6,900,000","3,300,000","5,300,000","3,000,000","2,500,000","4,900,000","2,500,000",,,,,,,,,,,,,,,,,,,,,,,,,,,,,,,,,,,,,,,,,,,,,,,,,,,,
InterestPaidSupplementalData,,,,,"24,500,000",,,,"15,400,000",,,,,"24,700,000","18,400,000","21,400,000","27,600,000","34,000,000","40,500,000","27,300,000","4,900,000","10,500,000","3,500,000","8,700,000","5,700,000","10,500,000","4,000,000","8,400,000","2,800,000","10,600,000","2,900,000","9,300,000","2,000,000",,,,,,,,,,,,,,,,,,,,,,,,,,,,,,,,,,,,,,,,,,,,,,,,,,,,
CapitalExpenditure,"-483,600,000","-216,400,000","-61,600,000","-73,300,000","-132,300,000","-112,200,000","-111,600,000","-243,700,000","-167,100,000","-126,400,000","-122,300,000","-155,000,000","-111,100,000","-181,800,000","-92,200,000","-68,800,000","-52,900,000","-52,100,000","-35,900,000","-52,000,000","-72,900,000","-67,400,000","-64,500,000","-75,500,000","-64,800,000","-41,300,000","-66,500,000","-48,800,000","-47,700,000","-19,800,000","-50,500,000","-47,300,000","-38,900,000","-59,100,000","-80,000,000","-57,200,000","-60,000,000","-57,600,000","-84,800,000","-84,800,000","-88,700,000","-45,200,000","-51,500,000","-52,500,000","-41,900,000","-10,500,000","-11,000,000","-14,700,000","-22,300,000","-19,700,000","-30,500,000","-29,300,000","-15,500,000","-30,300,000","-33,800,000","-27,600,000","-49,000,000","-11,900,000","-52,000,000","-113,700,000","-33,300,000","-12,600,000","-13,200,000","-13,000,000","-9,000,000","-16,700,000","-16,400,000","-18,100,000","-30,600,000","-18,300,000","-16,900,000","-18,600,000","-6,000,000","-2,500,000","-14,200,000","-4,200,000","-5,600,000","-17,900,000","-12,000,000","-36,100,000","-51,900,000","-72,800,000","-55,200,000","-49,700,000","-21,100,000"
IssuanceOfCapitalStock,,,,,,,,,,,,,,,,,,,,,,,,,,,,,,,,,,,"2,000,000","2,300,000","0","2,000,000","2,100,000","2,100,000","1,900,000","1,900,000","1,800,000","1,700,000","1,600,000","1,800,000","1,500,000","1,200,000","1,000,000","-12,200,000","6,400,000","10,300,000","600,000","6,700,000","9,000,000","10,800,000","20,300,000","5,200,000","2,000,000","80,700,000","5,700,000","1,800,000","2,600,000","900,000","1,000,000","1,300,000","900,000","500,000","233,300,000","2,500,000","160,800,000","500,000","200,000","700,000","1,600,000","-900,000","1,200,000","300,000","100,100,000","1,500,000","2,400,000","5,900,000","200,000",,
IssuanceOfDebt,"1,858,000,000","0","693,000,000","0","1,165,000,000","0","500,500,000","899,800,000","4,500,000","7,100,000","700,000","2,200,000","5,300,000","405,000,000","5,300,000","6,900,000","689,000,000","5,000,000","2,572,400,000","5,000,000","4,500,000","8,400,000","52,200,000","749,400,000","6,500,000","38,900,000","292,500,000","15,000,000","0","127,500,000","20,000,000","0","26,200,000","12,500,000","9,100,000","0","2,000,000","5,000,000","22,700,000","26,100,000","15,200,000","73,000,000","55,800,000","23,000,000","200,000","60,800,000","11,700,000",,,,,,,,,,,,,,,,,,,,,,,,,,,,,,,,,,,,,,
RepaymentOfDebt,"-2,023,900,000","-759,300,000","-1,204,300,000","-4,300,000","-56,000,000","-14,500,000","-541,700,000","-26,600,000","-12,400,000","-18,800,000","-64,600,000","-81,600,000","-137,000,000","-421,000,000","-221,500,000","-138,000,000","-1,059,800,000","-28,900,000","-226,400,000","-28,400,000","-45,000,000","-21,900,000","-29,700,000","-427,500,000","-38,700,000","-39,500,000","-33,200,000","-37,700,000","-24,000,000","-101,000,000","-32,200,000","-36,400,000","-93,000,000","-70,000,000","-38,200,000","-140,700,000","-27,000,000","-43,200,000","-36,700,000","-32,900,000","-29,500,000","-39,400,000","-32,500,000","-201,200,000","-13,600,000","-31,000,000","-29,300,000","-54,400,000","-63,000,000",,,,,,,,,,,,,,,,,,,,,,,,,,,,,,,,,,,,
RepurchaseOfCapitalStock,"-65,400,000","0","0","0","-65,400,000","0","-13,200,000","-50,800,000","-75,000,000","-200,300,000","-75,000,000","-40,000,000","0","0","0","0","-25,000,000","0","0","0","0","-20,000,000","-103,100,000","-130,100,000","-95,000,000","-68,100,000","-22,900,000","-11,400,000","-19,400,000","-65,200,000","-26,400,000",,,"-33,000,000","-14,200,000","-3,000,000","-5,300,000","-3,900,000","-3,300,000","-4,500,000","-7,600,000","-4,800,000","-3,200,000","-3,200,000","-3,800,000","-3,600,000","-4,100,000","-100,000","-800,000","-1,200,000","-1,000,000","-200,000","-500,000","0","0",,,,,,,,,,,,,,,,,,,,,,,,,,,"0",,,
FreeCashFlow,"400,700,000","184,000,000","101,800,000","81,200,000","33,700,000","-20,500,000","130,600,000","-21,100,000","-28,900,000","294,600,000","235,900,000","113,500,000","115,400,000","42,500,000","236,000,000","264,400,000","155,600,000","177,300,000","96,800,000","52,200,000","42,000,000","89,800,000","63,800,000","26,100,000","18,700,000","121,200,000","25,800,000","102,800,000","27,200,000","107,200,000","9,400,000","7,900,000","46,300,000","77,500,000","-68,100,000","1,900,000","8,400,000","107,100,000","34,400,000","51,200,000","36,900,000","114,600,000","72,100,000","106,400,000","67,600,000","91,800,000","76,600,000","43,600,000","6,400,000","61,500,000","103,300,000","12,600,000","121,400,000","69,900,000","64,600,000","27,800,000","14,100,000","116,700,000","37,500,000","-32,500,000","17,200,000","33,600,000","35,500,000","49,000,000","27,200,000","-94,500,000","14,100,000","34,800,000","2,200,000","9,500,000","-15,700,000","-13,400,000","5,500,000","4,800,000","-18,400,000","47,700,000","-30,000,000","-29,200,000","-66,900,000","-26,700,000","-132,400,000","5,000,000","46,700,000","39,100,000","11,700,000"