name,12/31/2020,09/30/2020,06/30/2020,03/31/2020,12/31/2019,09/30/2019,06/30/2019,03/31/2019,12/31/2018,09/30/2018,06/30/2018,03/31/2018,12/31/2017,09/30/2017,06/30/2017,03/31/2017,12/31/2016,09/30/2016,06/30/2016,03/31/2016,12/31/2015,09/30/2015,06/30/2015,03/31/2015,12/31/2014,09/30/2014,06/30/2014,03/31/2014,12/31/2013,09/30/2013,06/30/2013,03/31/2013,12/31/2012,09/30/2012,06/30/2012,03/31/2012,12/31/2011,09/30/2011,06/30/2011,03/31/2011,12/31/2010,09/30/2010,06/30/2010,03/31/2010,12/31/2009,09/30/2009,06/30/2009,03/31/2009,12/31/2008,09/30/2008,06/30/2008,03/31/2008,12/31/2007,09/30/2007,06/30/2007,03/31/2007,12/31/2006,09/30/2006,06/30/2006,03/31/2006,12/31/2005,09/30/2005,06/30/2005,03/31/2005,12/31/2004,09/30/2004,06/30/2004,03/31/2004,12/31/2003,09/30/2003,06/30/2003,03/31/2003,12/31/2002,09/30/2002,06/30/2002,03/31/2002,12/31/2001,09/30/2001,06/30/2001,03/31/2001,12/31/2000,09/30/2000,06/30/2000,03/31/2000
TotalAssets,"8,668,000,000","9,254,000,000","9,527,800,000","9,420,800,000","8,425,500,000","8,522,300,000","8,524,500,000","7,564,300,000","7,587,600,000","7,409,800,000","7,297,300,000","7,263,100,000","7,195,100,000","6,861,300,000","6,834,300,000","6,637,400,000","6,924,400,000","6,790,900,000","6,097,800,000","3,855,100,000","3,869,600,000","3,950,100,000","3,915,400,000","3,746,300,000","3,823,000,000","3,882,200,000","3,418,400,000","3,286,700,000","3,257,000,000","3,248,700,000","3,241,400,000","3,232,700,000","3,328,400,000","3,669,900,000","3,770,700,000","3,829,200,000","3,883,500,000","4,011,900,000","4,149,800,000","4,016,800,000","2,919,200,000","2,694,500,000","2,541,000,000","2,545,800,000","2,414,300,000","2,274,600,000","2,224,200,000","2,211,000,000","2,354,200,000","2,909,000,000","2,838,100,000","2,872,300,000","1,637,600,000","1,526,300,000","1,427,700,000","1,440,700,000","1,416,500,000","1,416,700,000","1,423,000,000","1,211,000,000","1,148,500,000","1,170,500,000","1,132,100,000","1,112,300,000","1,110,100,000","1,220,700,000","1,262,100,000","1,213,400,000","1,161,400,000","1,189,400,000","1,177,300,000","1,195,700,000","1,203,100,000","1,256,600,000","1,266,700,000","1,294,600,000","1,360,400,000","1,884,000,000","1,909,800,000","1,912,700,000","2,023,000,000","1,955,200,000","1,891,300,000","1,630,900,000"
CurrentAssets,"3,184,100,000","3,812,600,000","4,144,400,000","4,032,300,000","3,020,000,000","3,073,000,000","3,064,200,000","3,046,700,000","3,167,800,000","3,097,000,000","2,927,000,000","2,967,000,000","2,933,200,000","2,815,400,000","2,764,300,000","2,609,100,000","2,869,100,000","2,802,400,000","1,921,800,000","1,901,700,000","1,891,500,000","1,952,700,000","1,932,100,000","1,758,900,000","1,805,800,000","1,813,200,000","1,761,600,000","1,737,300,000","1,710,200,000","1,645,700,000","1,621,800,000","1,617,500,000","1,693,400,000","1,835,000,000","1,954,700,000","2,038,400,000","2,127,700,000","2,188,200,000","2,296,900,000","2,247,900,000","1,358,000,000","1,295,700,000","1,171,300,000","1,220,200,000","1,168,600,000","1,057,500,000","985,400,000","954,600,000","1,045,200,000","1,076,400,000","978,300,000","1,005,700,000","745,300,000","785,200,000","693,200,000","707,600,000","700,800,000","723,100,000","734,600,000","645,300,000","600,300,000","635,800,000","590,100,000","553,500,000","537,000,000","618,300,000","646,000,000","594,200,000","522,700,000","550,800,000","527,100,000","520,200,000","507,000,000","533,100,000","513,000,000","516,600,000","550,800,000","734,000,000","738,700,000","693,500,000","798,500,000","774,400,000","717,800,000","672,800,000"
CashCashEquivalentsAndShortTermInvestments,"1,080,700,000","1,654,000,000","2,060,400,000","1,982,000,000","894,200,000","928,700,000","885,200,000","939,600,000","1,069,600,000","951,000,000","850,200,000","924,900,000","949,200,000","901,200,000","871,600,000","728,900,000","1,028,100,000","880,500,000","588,100,000","619,500,000","617,600,000","557,600,000","577,900,000","429,400,000","517,800,000","494,900,000","601,200,000","617,000,000","625,700,000","553,600,000","579,000,000","614,300,000","631,700,000","643,000,000","756,400,000","892,300,000","901,500,000","837,700,000","868,800,000","766,000,000","623,300,000","562,900,000","467,100,000","560,700,000","571,200,000","470,200,000","403,400,000","402,400,000","458,700,000","417,900,000","321,200,000","307,900,000","274,600,000","327,100,000","255,800,000","275,800,000","268,800,000","269,200,000","294,700,000","251,300,000","233,300,000","272,300,000","246,600,000","204,100,000","185,700,000","231,800,000","257,700,000","221,400,000","186,600,000","183,600,000","181,200,000","189,100,000","182,400,000","179,800,000","167,700,000","147,600,000","179,800,000","206,000,000","175,700,000","74,700,000","188,900,000","159,300,000","124,400,000","140,300,000"
CashAndCashEquivalents,"1,080,700,000","1,654,000,000","2,060,400,000","1,982,000,000","894,200,000","928,700,000","885,200,000","939,600,000","1,069,600,000","951,000,000","850,200,000","924,900,000","949,200,000","901,200,000","871,600,000","728,900,000","1,028,100,000","880,500,000","588,100,000","619,500,000","617,600,000","556,800,000","576,600,000","428,100,000","511,700,000","492,100,000","598,900,000","562,000,000","509,500,000","369,500,000","396,100,000","537,000,000","486,900,000","421,400,000","517,800,000","580,100,000","652,900,000","659,300,000","756,600,000","766,000,000","623,300,000","562,900,000","467,100,000","560,700,000","525,700,000","395,200,000","403,400,000","402,400,000","458,700,000","417,900,000","321,200,000","307,900,000","274,600,000","327,100,000","255,800,000","275,800,000","268,800,000","233,400,000","294,700,000","251,300,000","233,300,000","272,300,000","235,600,000","177,500,000","105,700,000","231,800,000","257,700,000","221,400,000","186,600,000","183,600,000","181,200,000","189,100,000","182,400,000","179,800,000","167,700,000","147,600,000","179,800,000","206,000,000","175,700,000","74,700,000","188,900,000","159,300,000","124,400,000","140,300,000"
OtherShortTermInvestments,,,,,,,,,,,,,,,,,,,,,0,"800,000","1,300,000","1,300,000","6,100,000","2,800,000","2,300,000","55,000,000","116,200,000","184,100,000","182,900,000","77,300,000","144,800,000","221,600,000","238,600,000","312,200,000","248,600,000","178,400,000","112,200,000",,0,0,0,0,"45,500,000","75,000,000",,,,,,,,,,,,"35,800,000",,,,,"11,000,000","26,600,000","80,000,000",,,,,,,,,,,,,,,,,,,
Receivables,"676,000,000","728,100,000","667,400,000","652,000,000","705,000,000","716,600,000","713,200,000","704,000,000","686,000,000","733,000,000","698,800,000","696,900,000","701,500,000","695,600,000","696,400,000","678,200,000","629,800,000","675,100,000","487,400,000","428,200,000","456,100,000","548,100,000","525,700,000","479,000,000","457,900,000","532,600,000","467,000,000","447,900,000","415,100,000","449,400,000","429,800,000","383,800,000","392,100,000","415,400,000","439,800,000","425,300,000","498,200,000","539,000,000","575,800,000","596,700,000","294,600,000","314,300,000","317,200,000","298,900,000","260,900,000","264,700,000","254,100,000","192,600,000","188,800,000","279,300,000","258,500,000","245,700,000","175,200,000","193,400,000","172,100,000","174,300,000","177,900,000","194,900,000","200,500,000","178,300,000","160,200,000","162,500,000","139,900,000","151,200,000","131,500,000","151,700,000","161,000,000","153,400,000","136,100,000","152,400,000","130,100,000","129,300,000","121,600,000","141,900,000","143,500,000","152,700,000","142,300,000","153,000,000","158,200,000","190,200,000","271,200,000","297,800,000","300,000,000","263,800,000"
AccountsReceivable,"676,000,000","728,100,000","667,400,000","652,000,000","705,000,000","716,600,000","713,200,000","704,000,000","686,000,000","733,000,000","698,800,000","696,900,000","701,500,000","695,600,000","696,400,000","678,200,000","629,800,000","675,100,000","487,400,000","428,200,000","426,400,000","505,900,000","489,900,000","454,500,000","417,500,000","488,700,000","437,300,000","417,100,000","383,400,000","419,200,000","407,600,000","367,200,000","357,800,000","415,400,000","439,800,000","425,300,000","457,200,000","539,000,000","575,800,000","576,300,000",,"314,300,000","325,600,000","307,400,000","270,200,000","276,600,000","265,900,000","203,200,000",,"279,300,000","258,500,000","245,700,000","175,200,000","193,400,000","172,100,000","174,300,000","177,900,000","194,900,000","200,500,000","178,300,000","160,200,000","162,500,000","139,900,000","151,200,000","131,500,000","151,700,000","161,000,000","153,400,000","136,100,000","152,400,000","130,100,000","129,300,000","121,600,000","141,900,000","143,500,000","152,700,000","142,300,000","153,000,000","158,200,000","190,200,000",,"297,800,000","300,000,000","263,800,000"
GrossAccountsReceivable,,,,,,,,,,"735,200,000","700,600,000","700,300,000","704,200,000","698,400,000","699,000,000","680,400,000","632,000,000","677,400,000","491,400,000","435,900,000","432,600,000","509,100,000","492,000,000","456,600,000","419,100,000","490,500,000","438,400,000","418,200,000","384,400,000","420,300,000","408,600,000","369,900,000","360,500,000","420,800,000","445,500,000","431,600,000","464,300,000","546,500,000","584,200,000","583,900,000",,"321,900,000",,,,,,,,,,,,,,,,,,,,,,,,,,,,,,,,,,,,,,,,,,
AllowanceForDoubtfulAccountsReceivable,,,,,,,,,,"-2,200,000","-1,800,000","-3,400,000","-2,700,000","-2,800,000","-2,600,000","-2,200,000","-2,200,000","-2,300,000","-4,000,000","-7,700,000","-6,200,000","-3,200,000","-2,100,000","-2,100,000","-1,600,000","-1,800,000","-1,100,000","-1,100,000","-1,000,000","-1,100,000","-1,000,000","-2,700,000","-2,700,000","-5,400,000","-5,700,000","-6,300,000","-7,100,000","-7,500,000","-8,400,000","-7,600,000",,"-7,600,000",,,,,,,,,,,,,,,,,,,,,,,,,,,,,,,,,,,,,,,,,,
TaxesReceivable,,,,,,,,,,,,,,,,,,,,,"29,700,000","42,200,000","35,800,000","24,500,000","40,400,000","43,900,000","29,700,000","30,800,000","31,700,000","30,200,000","22,200,000","16,600,000","34,300,000",,,,"41,000,000",,,"20,400,000",,,,,,,,,,,,,,,,,,,,,,,,,,,,,,,,,,,,,,,,,,,,
ReceivablesAdjustmentsAllowances,,,,,,,,,,,,,,,,,,,,,,,,,,,,,,,,,,,,,,,,,,,"-8,400,000","-8,500,000","-9,300,000","-11,900,000","-11,800,000","-10,600,000",,,,,,,,,,,,,,,,,,,,,,,,,,,,,,,,,,,,
Inventory,"1,251,400,000","1,281,200,000","1,285,400,000","1,251,900,000","1,232,400,000","1,240,700,000","1,273,800,000","1,225,200,000","1,225,200,000","1,200,600,000","1,204,400,000","1,160,000,000","1,089,500,000","1,029,000,000","1,002,000,000","1,011,400,000","1,030,200,000","1,083,100,000","750,200,000","759,700,000","750,400,000","754,000,000","743,000,000","746,900,000","729,900,000","724,300,000","632,600,000","613,900,000","611,800,000","585,300,000","559,700,000","561,400,000","581,700,000","644,300,000","659,700,000","633,700,000","637,400,000","706,600,000","749,200,000","767,500,000","360,800,000","350,800,000","321,500,000","297,600,000","269,900,000","264,200,000","269,500,000","299,200,000","335,500,000","309,400,000","327,600,000","362,400,000","220,500,000","216,500,000","221,100,000","213,300,000","212,700,000","205,800,000","195,100,000","175,100,000","169,500,000","172,700,000","172,100,000","175,800,000","193,400,000","204,900,000","197,300,000","183,800,000","171,600,000","172,400,000","175,600,000","166,700,000","160,000,000","160,400,000","160,000,000","170,200,000","183,700,000","223,000,000","258,000,000","276,200,000","258,100,000","235,800,000","223,400,000","205,500,000"
RawMaterials,"135,700,000","142,100,000","148,000,000","142,700,000","138,400,000","145,000,000","140,100,000","138,800,000","137,300,000","132,100,000","135,400,000","119,900,000","117,700,000","116,700,000","120,800,000","120,000,000","121,400,000","122,800,000","80,400,000","75,100,000","79,300,000","90,700,000","95,800,000","88,700,000","119,700,000","116,700,000","96,400,000","95,900,000","89,200,000","84,600,000","83,200,000","73,800,000","73,200,000","74,900,000","67,500,000","61,800,000","58,800,000","58,600,000","70,200,000","68,700,000","49,000,000","47,500,000","38,100,000","37,300,000","35,400,000","30,800,000","25,900,000","31,100,000","32,600,000","31,900,000","34,800,000","32,400,000","25,100,000","28,800,000","28,600,000","25,500,000","25,600,000","23,200,000","21,500,000","19,600,000","18,000,000","16,600,000","15,700,000","16,100,000","19,300,000","22,500,000","15,600,000","19,000,000","15,200,000","17,200,000","18,700,000","18,800,000","15,500,000","14,500,000",,"13,400,000","14,400,000",,"13,700,000","24,100,000",,"18,100,000","19,000,000","21,000,000"
WorkInProcess,"829,700,000","840,400,000","848,000,000","808,600,000","772,900,000","782,400,000","823,600,000","777,700,000","760,700,000","764,600,000","760,400,000","711,900,000","660,800,000","627,200,000","593,800,000","601,300,000","606,900,000","609,500,000","460,300,000","468,000,000","457,800,000","465,100,000","443,500,000","418,000,000","365,500,000","371,900,000","337,400,000","326,400,000","319,600,000","299,700,000","286,900,000","292,700,000","310,900,000","397,200,000","427,400,000","414,200,000","430,800,000","447,900,000","440,600,000","435,100,000","210,900,000","203,200,000","194,600,000","170,600,000","151,600,000","146,200,000","143,700,000","170,200,000","171,100,000","155,000,000","151,600,000","188,200,000","110,200,000","112,300,000","109,100,000","110,200,000","104,700,000","109,400,000","104,000,000","91,900,000","88,100,000","89,600,000","86,200,000","92,900,000","103,400,000","135,900,000","124,200,000","118,800,000","111,700,000","109,800,000","116,000,000","110,100,000","106,300,000","117,400,000",,"138,300,000","139,900,000",,"136,900,000","139,600,000",,"118,500,000","107,100,000","89,200,000"
FinishedGoods,"286,000,000","298,700,000","289,400,000","300,600,000","321,100,000","313,300,000","310,100,000","308,700,000","327,200,000","303,900,000","308,600,000","328,200,000","311,000,000","285,100,000","287,400,000","290,100,000","301,900,000","350,800,000","209,500,000","216,600,000","213,300,000","198,200,000","203,700,000","240,200,000","244,700,000","235,700,000","198,800,000","191,600,000","203,000,000","201,000,000","189,600,000","194,900,000","197,600,000","172,200,000","164,800,000","157,700,000","147,800,000","200,100,000","238,400,000","263,700,000","100,900,000","100,100,000","88,800,000","89,700,000","82,900,000","87,200,000","99,900,000","97,900,000","131,800,000","122,500,000","141,200,000","141,800,000","85,200,000","75,400,000","83,400,000","77,600,000","82,400,000","73,200,000","69,600,000","63,600,000","63,400,000","66,500,000","70,200,000","66,800,000","70,700,000","87,400,000","95,200,000","87,700,000","87,100,000","85,200,000","82,100,000","76,700,000","81,900,000","76,700,000",,"77,800,000","80,700,000",,"107,400,000","112,500,000",,"99,200,000","97,300,000","95,300,000"
InventoriesAdjustmentsAllowances,,,,,,,,,,,,,,,,,,,,,,,,,,,,,,,,,,,,,,,,,,,,,,,,,,,,,,,,,,,,,,,,,,"-40,900,000","-37,700,000","-41,700,000","-42,400,000","-39,800,000","-41,200,000","-38,900,000","-43,700,000","-48,200,000",,"-59,300,000","-51,300,000",,,,,,,
PrepaidAssets,,,,,,,,,,,,,,,,,,,,,"12,600,000","34,000,000","25,600,000","28,600,000","28,700,000","31,700,000","25,800,000",,"24,800,000","32,100,000","27,900,000","25,300,000","24,300,000",,,,"26,900,000",,,"23,100,000",,,,,,,,,,,,,,,,,,,,,,,,,,,,,,,,,,,,,,,,,,,,
CurrentDeferredAssets,,,,,,,,,,,,,,,,,,,,,,,,,,,,,,"9,900,000","8,300,000","9,200,000","10,500,000","10,400,000","10,000,000","10,300,000","10,000,000","14,600,000","16,900,000","16,400,000","15,700,000","14,800,000","14,600,000","14,600,000","15,100,000","15,700,000","14,300,000",,"6,700,000","4,000,000","300,000",,"6,700,000","7,200,000","7,300,000","8,500,000","7,100,000","11,700,000","5,800,000","4,400,000","7,400,000","3,900,000","5,300,000","3,100,000","2,800,000","4,400,000","3,500,000","3,100,000","2,700,000","7,200,000","7,400,000","7,600,000","6,400,000","11,700,000","7,700,000","10,300,000","9,200,000","100,000,000","100,300,000","101,000,000","40,700,000","43,800,000","35,100,000","36,100,000"
CurrentDeferredTaxesAssets,,,,,,,,,,,,,,,,,,,,,,,,,,,,,,"9,900,000","8,300,000","9,200,000","10,500,000","10,400,000","10,000,000","10,300,000","10,000,000","14,600,000","16,900,000","16,400,000","15,700,000","14,800,000","14,600,000","14,600,000","15,100,000","15,700,000","14,300,000",,"6,700,000","4,000,000","300,000",,"6,700,000","7,200,000","7,300,000","8,500,000","7,100,000","11,700,000","5,800,000","4,400,000","7,400,000","3,900,000","5,300,000","3,100,000","2,800,000","4,400,000","3,500,000","3,100,000","2,700,000","7,200,000","7,400,000","7,600,000","6,400,000","11,700,000","7,700,000","10,300,000","9,200,000","100,000,000","100,300,000","101,000,000","40,700,000","43,800,000","35,100,000","36,100,000"
OtherCurrentAssets,"176,000,000","149,300,000","131,200,000","146,400,000","188,400,000","187,000,000","192,000,000","177,900,000","187,000,000","212,400,000","173,600,000","185,200,000","193,000,000","189,600,000","194,300,000","190,600,000","181,000,000","163,700,000","96,100,000","94,300,000","54,800,000","59,000,000","59,900,000","75,000,000","71,500,000","29,700,000","35,000,000","58,500,000","32,800,000","15,400,000","17,100,000","23,500,000","53,100,000","121,900,000","88,800,000","76,800,000","53,700,000","90,300,000","86,200,000","78,200,000","63,600,000","52,900,000","50,900,000","48,400,000","51,500,000","42,700,000","44,100,000","60,400,000","55,500,000","65,800,000","70,700,000","89,700,000","68,300,000","41,000,000","36,900,000","35,700,000","34,300,000","41,500,000","38,500,000","36,200,000","29,900,000","24,400,000","26,200,000","19,300,000","23,600,000","25,500,000","26,500,000","32,500,000","25,700,000","35,200,000","32,800,000","27,500,000","36,600,000","39,300,000","34,100,000","35,800,000","35,800,000","52,000,000","46,500,000","51,400,000","39,600,000","37,700,000","34,900,000","27,100,000"
TotalNonCurrentAssets,"5,483,900,000","5,441,400,000","5,383,400,000","5,388,500,000","5,405,500,000","5,449,300,000","5,460,300,000","4,517,600,000","4,419,800,000","4,312,800,000","4,370,300,000","4,296,100,000","4,261,900,000","4,045,900,000","4,070,000,000","4,028,300,000","4,055,300,000","3,988,500,000","4,176,000,000","1,953,400,000","1,978,100,000","1,997,400,000","1,983,300,000","1,987,400,000","2,017,200,000","2,069,000,000","1,656,800,000","1,549,400,000","1,546,800,000","1,603,000,000","1,619,600,000","1,615,200,000","1,635,000,000","1,834,900,000","1,816,000,000","1,790,800,000","1,755,800,000","1,823,700,000","1,852,900,000","1,768,900,000","1,561,200,000","1,398,800,000","1,369,700,000","1,325,600,000","1,245,700,000","1,217,100,000","1,238,800,000","1,256,400,000","1,309,000,000","1,832,600,000","1,859,800,000","1,866,600,000","892,300,000","741,100,000","734,500,000","733,100,000","715,700,000","693,600,000","688,400,000","565,700,000","548,200,000","534,700,000","542,000,000","558,800,000","573,100,000","602,400,000","616,100,000","619,200,000","638,700,000","638,600,000","650,200,000","675,500,000","696,100,000","723,500,000","753,700,000","778,000,000","809,600,000","1,150,000,000","1,171,100,000","1,219,200,000","1,224,500,000","1,180,800,000","1,173,500,000","958,100,000"
NetPPE,"2,512,300,000","2,511,800,000","2,566,500,000","2,579,900,000","2,591,600,000","2,602,100,000","2,620,000,000","2,585,000,000","2,549,600,000","2,401,100,000","2,387,200,000","2,336,400,000","2,279,100,000","2,238,200,000","2,215,000,000","2,156,100,000","2,159,100,000","2,074,600,000","1,277,200,000","1,270,400,000","1,274,100,000","1,256,100,000","1,225,500,000","1,208,400,000","1,203,900,000","1,211,900,000","1,141,700,000","1,081,400,000","1,074,200,000","1,092,900,000","1,101,500,000","1,094,200,000","1,103,300,000","1,231,600,000","1,201,400,000","1,155,500,000","1,109,500,000","1,130,800,000","1,150,900,000","1,061,300,000","864,300,000","820,500,000","784,900,000","741,600,000","705,500,000","715,300,000","734,100,000","744,900,000","770,800,000","752,500,000","744,400,000","734,200,000","614,900,000","608,500,000","597,900,000","594,800,000","578,100,000","567,100,000","567,400,000","450,000,000","438,500,000","433,900,000","442,700,000","455,600,000","472,000,000","479,800,000","490,100,000","497,200,000","499,100,000","519,900,000","532,700,000","431,000,000","454,100,000","478,400,000","503,000,000","528,600,000","555,500,000","594,000,000","614,000,000","658,200,000","648,200,000","622,100,000","604,800,000","543,000,000"
GrossPPE,"5,507,700,000",,,,"5,261,000,000",,"5,186,400,000","5,051,700,000","4,926,100,000","4,695,100,000","4,605,600,000","4,482,900,000","4,347,000,000","4,249,100,000","4,195,900,000","4,063,800,000","3,991,100,000","3,839,300,000","2,991,900,000","2,932,900,000","2,887,300,000","2,866,000,000","2,790,800,000","2,746,200,000","2,695,400,000","2,684,900,000","2,571,900,000","2,484,100,000","2,438,400,000","1,092,900,000","2,482,900,000","2,444,600,000","2,619,200,000","2,743,400,000","2,672,400,000","2,609,600,000","2,558,900,000","2,550,900,000","2,532,000,000","2,405,500,000","2,163,800,000","2,094,900,000","2,027,500,000","1,955,600,000","1,891,900,000","1,894,700,000","1,865,600,000","1,852,700,000","1,875,000,000","1,807,000,000","1,790,400,000","1,773,600,000","1,621,000,000","1,612,400,000","1,583,400,000","1,583,900,000","1,554,100,000","1,526,000,000","1,511,100,000","1,385,400,000","1,355,000,000","1,387,600,000","1,411,500,000","1,431,300,000","1,435,100,000","1,418,300,000","1,402,300,000","1,396,400,000","1,388,800,000","1,408,600,000","1,406,200,000","1,259,600,000","1,254,600,000","1,394,800,000","503,000,000","1,445,000,000","1,471,900,000","594,000,000","1,562,400,000","1,606,600,000",,"1,560,100,000","1,592,300,000","1,530,500,000"
Properties,0,,,,0,,0,0,0,0,0,0,0,0,0,0,0,0,0,0,0,0,0,0,0,0,0,0,0,0,0,0,0,0,0,0,0,0,0,0,0,0,0,0,0,0,0,0,0,0,0,0,0,0,0,0,0,0,0,0,0,0,0,0,0,0,0,0,0,0,0,0,0,,,,0,,,,,,,
LandAndImprovements,"119,700,000",,,,"125,200,000",,"125,200,000","125,700,000","125,500,000","148,500,000","148,500,000","148,500,000","148,400,000","148,500,000","148,600,000","148,700,000","146,300,000","123,700,000","48,200,000","47,000,000","46,200,000","46,200,000","45,900,000","46,300,000","46,100,000","52,000,000","53,200,000","52,700,000","52,300,000","59,000,000","59,200,000","60,500,000","67,400,000","74,200,000","75,400,000","74,300,000","76,600,000","78,000,000","85,000,000","84,600,000","48,300,000","48,700,000","44,400,000","43,900,000","42,000,000","39,000,000","39,200,000","39,200,000","40,200,000","33,800,000","32,000,000","33,400,000","28,300,000","28,300,000","27,600,000","27,900,000","27,900,000","28,000,000","28,000,000","15,100,000","14,900,000","15,400,000","15,700,000","15,900,000","16,200,000","15,700,000","16,000,000","16,200,000","16,100,000","15,900,000","15,200,000","12,100,000","11,700,000",,,,"11,400,000",,,,,,,
BuildingsAndImprovements,"850,000,000",,,,"860,600,000",,"841,300,000","830,700,000","820,400,000","789,800,000","770,100,000","751,700,000","744,000,000","726,900,000","719,300,000","716,200,000","713,700,000","710,600,000","526,200,000","519,300,000","513,600,000","505,100,000","499,800,000","493,200,000","484,300,000","494,200,000","493,000,000","476,500,000","467,700,000","483,500,000","483,000,000","477,400,000","572,400,000","563,100,000","557,300,000","537,700,000","539,300,000","532,500,000","556,200,000","533,400,000","484,400,000","459,000,000","444,400,000","436,000,000","429,700,000","426,800,000","423,800,000","421,500,000","419,000,000","396,300,000","393,900,000","444,400,000","376,500,000","373,700,000","367,800,000","369,400,000","368,900,000","354,000,000","351,100,000","338,900,000","335,900,000","361,400,000","359,900,000","361,700,000","364,500,000","360,300,000","350,200,000","352,600,000","350,500,000","363,600,000","368,200,000","392,700,000","449,600,000",,,,"505,300,000",,,,,,,
MachineryFurnitureEquipment,"4,538,000,000",,,,"4,275,200,000",,"4,219,900,000","4,095,300,000","3,980,200,000","3,756,800,000","3,687,000,000","3,582,700,000","3,454,600,000","3,373,700,000","3,328,000,000","3,198,900,000","3,131,100,000","3,005,000,000","2,417,500,000","2,366,600,000","2,327,500,000","2,314,700,000","2,245,100,000","2,206,700,000","2,165,000,000","2,138,700,000","2,025,700,000","1,954,900,000","1,918,400,000","1,934,400,000","1,940,700,000","1,906,700,000","1,979,400,000","2,106,100,000","2,039,700,000","1,997,600,000","1,943,000,000","1,940,400,000","1,890,800,000","1,787,500,000","1,631,100,000","1,587,200,000","1,538,700,000","1,475,700,000","1,420,200,000","1,428,900,000","1,402,600,000","1,392,000,000","1,415,800,000","1,376,900,000","1,364,500,000","1,295,800,000","1,216,200,000","1,210,400,000","1,188,000,000","1,186,600,000","1,157,300,000","1,144,000,000","1,132,000,000","1,031,400,000","1,004,200,000","1,010,800,000","1,035,900,000","1,053,700,000","1,054,400,000","1,042,300,000","1,036,100,000","1,027,600,000","1,022,200,000","1,029,100,000","1,022,800,000","854,800,000","793,300,000",,,,"955,200,000","594,000,000",,,,,,
AccumulatedDepreciation,"-2,995,400,000",,,,"-2,669,400,000",,"-2,566,400,000","-2,466,700,000","-2,376,500,000","-2,294,000,000","-2,218,400,000","-2,146,500,000","-2,067,900,000","-2,010,900,000","-1,980,900,000","-1,907,700,000","-1,832,000,000","-1,764,700,000","-1,714,700,000","-1,662,500,000","-1,613,200,000","-1,609,900,000","-1,565,300,000","-1,537,800,000","-1,491,500,000","-1,473,000,000","-1,430,200,000","-1,402,700,000","-1,364,200,000",,"-1,381,400,000","-1,350,400,000","-1,515,900,000","-1,511,800,000","-1,471,000,000","-1,454,100,000","-1,449,400,000","-1,420,100,000","-1,381,100,000","-1,344,200,000","-1,299,500,000","-1,274,400,000","-1,242,600,000","-1,214,000,000","-1,186,400,000","-1,179,400,000","-1,131,500,000","-1,107,800,000","-1,104,200,000","-1,054,500,000","-1,046,000,000","-1,039,400,000","-1,006,100,000","-1,003,900,000","-985,500,000","-989,100,000","-976,000,000","-958,900,000","-943,700,000","-935,400,000","-916,500,000","-953,700,000","-968,800,000","-975,700,000","-963,100,000","-938,500,000","-912,200,000","-899,200,000","-889,700,000","-888,700,000","-873,500,000","-828,600,000","-800,500,000","-916,400,000",,"-916,400,000","-916,400,000",,"-948,400,000","-948,400,000",,"-938,000,000","-987,500,000","-987,500,000"
GoodwillAndOtherIntangibleAssets,"2,132,400,000","2,161,600,000","2,191,200,000","2,221,600,000","2,249,700,000","2,281,800,000","2,330,500,000","1,472,000,000","1,498,900,000","1,528,400,000","1,556,700,000","1,517,800,000","1,545,500,000","1,579,400,000","1,633,300,000","1,655,200,000","1,686,800,000","1,778,900,000","547,400,000","572,900,000","597,400,000","631,400,000","651,100,000","688,400,000","722,300,000","755,700,000","457,100,000","399,900,000","408,000,000","416,400,000","424,700,000","433,100,000","441,600,000","502,600,000","513,500,000","524,500,000","535,900,000","547,500,000","558,200,000","569,900,000","494,200,000","516,800,000","524,600,000","522,300,000","474,100,000","461,100,000","467,100,000","474,800,000","493,600,000","1,036,200,000","1,060,300,000","1,073,700,000","229,900,000","89,800,000","90,300,000","90,900,000","91,100,000","91,900,000","88,900,000","77,300,000","77,300,000","77,300,000","77,300,000","77,300,000","77,300,000","77,300,000","77,300,000","77,300,000","77,300,000","77,300,000","77,300,000","101,000,000","104,000,000","107,000,000","110,000,000","113,000,000","117,200,000","123,000,000","129,400,000","135,000,000","140,800,000","139,000,000","144,500,000",
Goodwill,"1,663,400,000","1,663,400,000","1,663,400,000","1,663,400,000","1,659,200,000","1,659,200,000","1,552,500,000","932,500,000","932,500,000","932,500,000","928,800,000","916,900,000","916,900,000","916,900,000","924,700,000","924,700,000","924,700,000","1,000,800,000","270,600,000","270,600,000","270,600,000","271,300,000","263,800,000","263,800,000","264,700,000","275,300,000","211,600,000","184,600,000","184,600,000","184,600,000","184,600,000","184,600,000","613,600,000","198,700,000","198,700,000","198,700,000","198,700,000","199,200,000","199,200,000","199,200,000","191,200,000","198,200,000","197,300,000","191,700,000","175,400,000","162,400,000","160,500,000","160,400,000","160,200,000","719,000,000","725,800,000","730,100,000","172,400,000","81,100,000","81,100,000","81,100,000","80,700,000","80,700,000","77,300,000",,,,,,,,,,,,,,,,,,,,,,,,,
OtherIntangibleAssets,"469,000,000","498,200,000","527,800,000","558,200,000","590,500,000","622,600,000","778,000,000","539,500,000","566,400,000","595,900,000","627,900,000","600,900,000","628,600,000","662,500,000","708,600,000","730,500,000","762,100,000","778,100,000","276,800,000","302,300,000","325,800,000","360,100,000","387,300,000","424,600,000","457,600,000","480,400,000","245,500,000","215,300,000","223,400,000","231,800,000","240,100,000","248,500,000","-172,000,000","303,900,000","314,800,000","325,800,000","337,200,000","348,300,000","359,000,000","370,700,000","303,000,000","318,600,000","327,300,000","330,600,000","298,700,000","298,700,000","306,600,000","314,400,000","333,400,000","317,200,000","334,500,000","343,600,000","57,500,000","8,700,000","9,200,000","9,800,000","10,400,000","11,200,000","11,600,000","77,300,000","77,300,000","77,300,000","77,300,000","77,300,000","77,300,000","77,300,000","77,300,000","77,300,000","77,300,000","77,300,000","77,300,000","101,000,000","104,000,000","107,000,000","110,000,000","113,000,000","117,200,000","123,000,000","129,400,000","135,000,000",,"139,000,000","144,500,000",
InvestmentsAndAdvances,,,,,,,,,,,,,,,,,,,,,,,,,,,,,,,,,,,,,,,,,,0,0,"200,000",,,,,,,,,,,,,,,,,,,,,,,,,,,,,,,,,,,,,"45,300,000",,,
LongTermEquityInvestment,,,,,,,,,,,,,,,,,,,,,,,,,,,,,,,,,,,,,,,,,,,,,,,,,,,,,,,,,,,,,,,,,,,,,,,,,,,,,,,,,"45,300,000",,,
InvestmentsinJointVenturesatCost,,,,,,,,,,,,,,,,,,,,,,,,,,,,,,,,,,,,,,,,,,,,,,,,,,,,,,,,,,,,,,,,,,,,,,,,,,,,,,,,,"45,300,000",,,
NonCurrentDeferredAssets,"429,000,000","461,600,000","325,200,000","331,000,000","307,800,000","291,500,000","242,000,000","238,200,000","266,200,000","259,600,000","298,900,000","333,300,000","339,100,000","148,800,000","148,400,000","143,900,000","138,900,000","50,800,000",,,,,,,,,,,,"37,900,000","38,900,000","31,600,000","31,200,000","34,600,000","33,100,000","30,100,000","34,200,000","72,200,000","67,400,000","62,300,000",,,,,,,,,,,,,,,,,,,"700,000","1,600,000",,,,,,"1,600,000","2,000,000","1,700,000","1,300,000","1,900,000",,,,,,,"1,300,000","297,000,000","294,100,000","292,300,000","286,800,000","280,300,000","299,000,000","286,400,000"
NonCurrentDeferredTaxesAssets,"429,000,000","461,600,000","325,200,000","331,000,000","307,800,000","291,500,000","242,000,000","238,200,000","266,200,000","259,600,000","298,900,000","333,300,000","339,100,000","148,800,000","148,400,000","143,900,000","138,900,000","50,800,000",,,,,,,,,,,,"37,900,000","38,900,000","31,600,000","31,200,000","34,600,000","33,100,000","30,100,000","34,200,000","72,200,000","67,400,000","62,300,000",,,,,,,,,,,,,,,,,,,"700,000","1,600,000",,,,,,"1,600,000","2,000,000","1,700,000","1,300,000","1,900,000",,,,,,,"1,300,000","297,000,000","294,100,000","292,300,000","286,800,000","280,300,000","299,000,000","286,400,000"
OtherNonCurrentAssets,"410,200,000","306,400,000","300,500,000","256,000,000","256,400,000","273,900,000","267,800,000","222,400,000","105,100,000","123,700,000","127,500,000","108,600,000","98,500,000","79,500,000","73,300,000","73,100,000","70,500,000","84,200,000","2,351,400,000","110,100,000","107,600,000","109,900,000","106,700,000","90,600,000","91,000,000","101,400,000","58,000,000","68,100,000","64,600,000","55,800,000","54,500,000","56,300,000","58,900,000","66,100,000","68,000,000","80,700,000","76,200,000","73,200,000","76,400,000","75,400,000","202,700,000","61,500,000","60,200,000","61,700,000","66,100,000","40,700,000","37,600,000","36,700,000","44,600,000","43,900,000","55,100,000","58,700,000","47,500,000","42,800,000","46,300,000","47,400,000","46,500,000","34,600,000","31,400,000","36,800,000","32,400,000","23,500,000","22,000,000","25,900,000","23,800,000","43,700,000","46,700,000","43,000,000","61,000,000","39,500,000","40,200,000","143,500,000","138,000,000","138,100,000","140,700,000","136,400,000","135,600,000","136,000,000","133,600,000","133,700,000","103,400,000","139,400,000","125,200,000","128,700,000"
TotalLiabilitiesNetMinorityInterest,"5,109,900,000","5,806,800,000","6,268,500,000","6,183,200,000","5,101,400,000","5,282,700,000","5,226,600,000","4,343,600,000","4,393,500,000","4,206,400,000","4,200,500,000","4,311,600,000","4,394,100,000","4,625,900,000","4,715,000,000","4,639,100,000","5,079,400,000","5,036,900,000","4,372,100,000","2,177,000,000","2,237,700,000","2,369,000,000","2,295,700,000","2,119,100,000","2,175,600,000","2,207,900,000","1,778,900,000","1,746,800,000","1,770,200,000","1,747,000,000","1,776,100,000","1,818,800,000","1,937,700,000","2,130,300,000","2,226,100,000","2,294,700,000","2,390,000,000","2,486,200,000","2,562,200,000","2,507,100,000","1,531,200,000","1,391,900,000","1,341,700,000","1,458,100,000","1,409,700,000","1,351,100,000","1,355,800,000","1,362,200,000","1,658,200,000","1,807,800,000","1,787,900,000","1,877,000,000","1,603,200,000","1,561,100,000","1,545,500,000","1,578,900,000","1,621,100,000","1,417,500,000","1,497,800,000","1,435,400,000","1,424,000,000","1,626,100,000","1,614,000,000","1,609,200,000","1,622,500,000","1,646,800,000","1,703,300,000","1,650,100,000","1,779,600,000","1,767,100,000","1,902,600,000","1,884,000,000","1,861,100,000","1,764,800,000","1,753,500,000","1,752,600,000","1,772,100,000","1,827,000,000","1,879,500,000","1,733,000,000","1,678,600,000","1,628,400,000","1,595,200,000","1,623,100,000"
CurrentLiabilities,"1,674,500,000","1,803,100,000","1,764,600,000","1,736,100,000","1,818,400,000","2,001,600,000","1,266,800,000","1,317,500,000","1,469,300,000","1,314,700,000","1,895,000,000","1,945,000,000","1,408,900,000","1,429,300,000","1,363,200,000","1,212,000,000","1,502,600,000","1,497,900,000","1,260,500,000","1,189,400,000","1,239,300,000","1,338,000,000","1,320,300,000","1,013,700,000","1,040,800,000","1,013,000,000","869,300,000","824,200,000","819,200,000","878,100,000","876,600,000","874,000,000","1,024,300,000","1,053,600,000","1,154,700,000","1,214,300,000","1,275,500,000","1,255,300,000","1,294,200,000","1,146,100,000","710,900,000","677,200,000","647,900,000","574,200,000","619,000,000","561,000,000","568,900,000","460,000,000","544,000,000","609,400,000","587,900,000","655,600,000","420,900,000","390,400,000","371,400,000","398,700,000","433,000,000","407,300,000","455,800,000","394,100,000","398,300,000","335,500,000","320,300,000","316,700,000","325,100,000","348,100,000","392,200,000","343,400,000","310,200,000","343,800,000","330,600,000","311,600,000","312,000,000","321,000,000","304,900,000","311,500,000","334,900,000","411,000,000","471,600,000","452,700,000","405,100,000","381,300,000","351,700,000","312,200,000"
PayablesAndAccruedExpenses,"909,600,000","1,101,500,000","1,069,000,000","1,046,500,000","835,100,000","1,265,000,000","889,900,000","916,600,000","1,036,000,000","939,300,000","887,400,000","913,400,000","880,800,000","902,400,000","870,300,000","735,500,000","714,200,000","715,900,000","535,400,000","489,500,000","514,000,000","585,500,000","537,100,000","568,200,000","596,700,000","563,100,000","454,300,000","413,000,000","406,300,000","394,600,000","403,300,000","389,200,000","423,900,000","481,300,000","562,600,000","654,100,000","500,400,000","709,000,000","754,600,000","590,400,000","425,400,000","406,900,000","399,600,000","353,800,000","314,300,000","293,700,000","291,300,000","272,500,000","322,000,000","404,600,000","381,500,000","455,200,000","266,200,000","245,300,000","231,800,000","247,700,000","278,700,000","237,600,000","271,300,000","224,100,000","221,800,000","209,100,000","204,400,000","196,600,000","206,000,000","221,500,000","243,300,000","245,300,000","230,900,000","236,300,000","224,600,000","224,600,000","220,900,000","220,000,000","216,800,000","211,000,000","215,100,000","271,000,000","288,000,000","272,000,000","399,500,000","367,100,000","334,100,000","279,000,000"
Payables,"598,400,000","534,200,000","522,900,000","503,900,000","566,100,000","534,100,000","573,400,000","607,300,000","709,900,000","612,300,000","605,400,000","625,600,000","577,900,000","620,700,000","580,500,000","503,500,000","482,800,000","426,300,000","322,100,000","325,500,000","357,300,000","402,700,000","375,500,000","362,500,000","378,200,000","398,700,000","305,400,000","276,700,000","276,800,000","261,400,000","277,100,000","266,400,000","284,400,000","356,100,000","420,600,000","411,400,000","459,300,000","486,400,000","532,300,000","535,000,000","262,000,000","253,300,000","241,900,000","207,600,000","177,900,000","153,900,000","153,800,000","139,600,000","182,300,000","218,700,000","206,200,000","238,600,000","163,500,000","134,900,000","128,300,000","138,200,000","165,700,000","134,600,000","146,300,000","132,100,000","137,300,000","103,300,000","100,700,000","90,800,000","104,400,000","110,100,000","125,000,000","126,500,000","115,700,000","121,400,000","113,000,000","116,800,000","77,400,000","90,000,000","94,100,000","111,900,000","111,500,000","139,000,000","142,000,000","144,900,000","197,300,000","168,400,000","153,700,000","127,900,000"
AccountsPayable,"572,900,000","534,200,000","522,900,000","503,900,000","543,600,000","534,100,000","542,900,000","583,300,000","671,700,000","588,300,000","584,700,000","612,000,000","548,000,000","590,300,000","546,300,000","464,000,000","434,000,000","407,500,000","302,500,000","305,900,000","337,700,000","361,900,000","335,500,000","362,500,000","378,200,000","398,700,000","305,400,000","276,700,000","276,800,000","259,200,000","276,600,000","263,000,000","279,500,000","349,900,000","416,400,000","408,600,000","451,800,000","472,600,000","528,900,000","527,800,000","256,900,000","250,900,000","240,100,000","204,700,000","172,900,000","147,200,000","147,300,000","134,500,000","178,200,000","218,700,000","206,200,000","238,600,000","163,500,000","134,900,000","128,300,000","138,200,000","165,700,000","134,600,000","146,300,000","132,100,000","137,300,000","103,300,000","100,700,000","90,800,000","104,400,000","110,100,000","125,000,000","126,500,000","115,700,000","121,400,000","113,000,000","116,800,000","77,400,000","90,000,000","94,100,000","111,900,000","111,500,000","139,000,000","142,000,000","144,900,000","175,000,000","168,400,000","153,700,000","127,900,000"
TotalTaxPayable,"25,500,000",,,,"22,500,000",,"30,500,000","24,000,000","38,200,000","24,000,000","20,700,000","13,600,000","29,900,000","30,400,000","34,200,000","21,800,000","30,000,000",,,,,,,,,,,,,"2,200,000","500,000","3,400,000","4,900,000","6,200,000","4,200,000","2,800,000","7,500,000","13,800,000","3,400,000","7,200,000","5,100,000","2,400,000","1,800,000","2,900,000","5,000,000","6,700,000","6,500,000","5,100,000","4,100,000",,,,,,,,,,,,,,,,,,,,,,,,,,,,,,,,"22,300,000",,,
IncomeTaxPayable,"25,500,000",,,,"22,500,000",,"30,500,000","24,000,000","38,200,000","24,000,000","20,700,000","13,600,000","29,900,000","30,400,000","34,200,000","21,800,000","30,000,000",,,,,,,,,,,,,"2,200,000","500,000","3,400,000","4,900,000","6,200,000","4,200,000","2,800,000","7,500,000","13,800,000","3,400,000","7,200,000","5,100,000","2,400,000","1,800,000","2,900,000","5,000,000","6,700,000","6,500,000","5,100,000","4,100,000",,,,,,,,,,,,,,,,,,,,,,,,,,,,,,,,"22,300,000",,,
OtherPayable,,,,,,,,,,,,,,,,"17,700,000","18,800,000","18,800,000","19,600,000","19,600,000","19,600,000","40,800,000","40,000,000",,,,,,,,,,,,,,,,,,,,,,,,,,,,,,,,,,,,,,,,,,,,,,,,,,,,,,,,,,,,,
CurrentAccruedExpenses,"311,200,000","567,300,000","546,100,000","542,600,000","269,000,000","730,900,000","316,500,000","309,300,000","326,100,000","327,000,000","282,000,000","287,800,000","302,900,000","281,700,000","289,800,000","232,000,000","231,400,000","289,600,000","213,300,000","164,000,000","156,700,000","182,800,000","161,600,000","205,700,000","218,500,000","164,400,000","148,900,000","136,300,000","129,500,000","133,200,000","126,200,000","122,800,000","139,500,000","125,200,000","142,000,000","242,700,000","41,100,000","222,600,000","222,300,000","55,400,000","163,400,000","153,600,000","157,700,000","146,200,000","136,400,000","139,800,000","137,500,000","132,900,000","139,700,000","185,900,000","175,300,000","216,600,000","102,700,000","110,400,000","103,500,000","109,500,000","113,000,000","103,000,000","125,000,000","92,000,000","84,500,000","105,800,000","103,700,000","105,800,000","101,600,000","111,400,000","118,300,000","118,800,000","115,200,000","114,900,000","111,600,000","107,800,000","143,500,000","130,000,000","122,700,000","99,100,000","103,600,000","132,000,000","146,000,000","127,100,000","202,200,000","198,700,000","180,400,000","151,100,000"
InterestPayable,,,,,,,,,,,,,,,,,,,,,,,,"3,100,000","1,800,000","5,200,000","2,700,000","5,200,000","1,900,000","5,000,000","2,300,000","5,100,000","600,000","4,100,000","900,000","4,200,000","700,000","4,000,000","900,000","4,500,000","800,000","4,500,000","800,000","4,600,000","900,000","4,700,000","1,100,000","5,000,000","1,300,000",,,,,,,,,,,,,,,,,,,,,,,,,,,,,,,,"17,900,000",,,
CurrentProvisions,"233,300,000",,,,"247,300,000",,"271,200,000","270,100,000","294,800,000","276,200,000","261,200,000","284,400,000","280,000,000","268,400,000","224,700,000","203,700,000","124,800,000","120,800,000","69,700,000","61,600,000","69,900,000","82,800,000","72,200,000","76,800,000","69,200,000","73,900,000","74,400,000","75,400,000","80,400,000","65,700,000","64,100,000","82,100,000","82,000,000",,,,,,,,,,,,,,,,,,,,,,,,,,,,,,,,,,,,,,,,,,,,,,,,,,,
PensionandOtherPostRetirementBenefitPlansCurrent,,,,,,,,,,,,,,,,,,,,,,,,"100,000","200,000","5,700,000","8,600,000","10,400,000","10,400,000","400,000","900,000","3,200,000","7,400,000","127,600,000","142,300,000",,"136,600,000",,,"95,000,000",,,,,,,,,,,,,,,,,,,,,,,,,,,,,,,,,,,,,,,,,,,,
CurrentDebtAndCapitalLeaseObligation,"531,600,000","701,600,000","695,600,000","689,600,000","736,000,000","736,600,000","105,700,000","130,800,000","138,500,000","99,200,000","746,400,000","747,200,000","248,100,000","258,500,000","268,200,000","272,800,000","553,800,000","540,600,000","536,700,000","525,400,000","543,400,000","539,300,000","555,900,000","212,600,000","209,600,000","203,300,000","169,400,000","173,700,000","181,600,000","249,000,000","231,300,000","242,800,000","353,600,000","260,900,000","265,300,000","377,100,000","370,100,000","288,200,000","286,700,000","176,800,000","136,000,000","135,800,000","120,500,000","111,300,000","205,900,000","165,700,000","174,800,000","86,600,000","107,900,000","69,400,000","80,200,000","75,500,000","30,800,000","27,300,000","26,000,000","26,700,000","27,900,000","34,700,000","51,200,000","52,300,000","73,900,000","19,500,000","18,300,000","19,100,000","20,000,000","13,100,000","47,000,000","15,300,000","11,400,000","23,900,000","24,900,000","4,000,000","9,300,000","11,000,000","7,500,000","12,600,000","12,400,000","16,000,000","13,600,000","11,000,000","5,600,000",,,
CurrentDebt,"531,600,000","701,600,000","695,600,000","689,600,000","736,000,000","736,600,000","105,700,000","130,800,000","138,500,000","99,200,000","746,400,000","747,200,000","248,100,000","258,500,000","268,200,000","272,800,000","553,800,000","540,600,000","536,700,000","525,400,000","543,400,000","539,300,000","555,900,000","212,600,000","209,600,000","203,300,000","169,400,000","173,700,000","181,600,000","249,000,000","231,300,000","242,800,000","353,600,000","260,900,000","265,300,000","377,100,000","370,100,000","288,200,000","286,700,000","176,800,000","136,000,000","135,800,000","120,500,000","111,300,000","205,900,000","165,700,000","174,800,000","86,600,000","107,900,000","69,400,000","80,200,000","75,500,000","30,800,000","27,300,000","26,000,000","26,700,000","27,900,000","34,700,000","51,200,000","52,300,000","73,900,000","19,500,000","18,300,000","19,100,000","20,000,000","13,100,000","47,000,000","15,300,000","11,400,000","23,900,000","24,900,000","4,000,000","9,300,000","11,000,000","7,500,000","12,600,000","12,400,000","16,000,000","13,600,000","11,000,000","5,600,000",,,
CurrentDeferredLiabilities,,,,,,,,,,,,,0,0,0,0,"109,800,000","120,600,000","118,700,000","112,900,000","112,000,000","130,400,000","155,100,000","156,000,000","165,100,000","167,000,000","162,600,000","151,700,000","140,500,000","168,400,000","177,000,000","156,700,000","157,400,000","183,800,000","184,500,000","183,100,000","205,600,000","258,100,000","252,900,000","232,300,000","149,500,000","134,500,000","127,800,000","109,100,000","98,800,000","101,600,000","102,800,000","100,900,000","114,100,000","128,600,000",,"121,800,000","120,400,000","115,700,000","110,400,000","121,800,000","123,200,000","128,600,000","126,900,000","113,200,000","97,100,000","100,500,000","91,200,000","96,900,000","96,700,000","109,500,000","98,700,000","81,100,000","66,200,000",,"64,300,000","68,200,000","70,800,000","72,600,000","75,300,000",,,"117,000,000",,,,,,
CurrentDeferredTaxesLiabilities,,,,,,,,,,,,,,,,,,,,,,,,,,,,,,"23,200,000","24,100,000","22,900,000","22,900,000","33,900,000","32,300,000","29,600,000","33,600,000","69,700,000","65,200,000","62,800,000",,,,,,,,,,,,"1,000,000",,,,,,,,,,,,,,,,,,,,,,,,,,,,,,,,
CurrentDeferredRevenue,,,,,,,,,,,,,0,0,0,0,"109,800,000","120,600,000","118,700,000","112,900,000","112,000,000","130,400,000","155,100,000","156,000,000","165,100,000","167,000,000","162,600,000","151,700,000","140,500,000","145,200,000","152,900,000","133,800,000","134,500,000","149,900,000","152,200,000","153,500,000","172,000,000","188,400,000","187,700,000","169,500,000","149,500,000","134,500,000","127,800,000","109,100,000","98,800,000","101,600,000","102,800,000","100,900,000","114,100,000","128,600,000",,"120,800,000","120,400,000","115,700,000","110,400,000","121,800,000","123,200,000","128,600,000","126,900,000","113,200,000","97,100,000","100,500,000","91,200,000","96,900,000","96,700,000","109,500,000","98,700,000","81,100,000","66,200,000",,"64,300,000","68,200,000","70,800,000","72,600,000","75,300,000",,,"117,000,000",,,,,,
OtherCurrentLiabilities,,,,,,,,,,,,,,,,,,,,,,,"40,000,000","3,100,000","1,800,000","5,200,000","2,700,000","5,200,000","1,900,000","5,000,000","2,300,000","5,100,000","600,000",,,,"62,800,000",,,"51,600,000",,,,,,,,,,"6,800,000","126,200,000","3,100,000","3,500,000","2,100,000","3,200,000","2,500,000","3,200,000","6,400,000","6,400,000","4,500,000","5,500,000","6,400,000","6,400,000","4,100,000","2,400,000","4,000,000","3,200,000","1,700,000","1,700,000","83,600,000","16,800,000","14,800,000","11,000,000","17,400,000","5,300,000","87,900,000","107,400,000","7,000,000","170,000,000","169,700,000",,"14,200,000","17,600,000","33,200,000"
TotalNonCurrentLiabilitiesNetMinorityInterest,"3,435,400,000","4,003,700,000","4,503,900,000","4,447,100,000","3,283,000,000","3,281,100,000","3,959,800,000","3,026,100,000","2,924,200,000","2,891,700,000","2,305,500,000","2,366,600,000","2,985,200,000","3,196,600,000","3,351,800,000","3,427,100,000","3,576,800,000","3,539,000,000","3,111,600,000","987,600,000","998,400,000","1,031,000,000","975,400,000","1,105,400,000","1,134,800,000","1,194,900,000","909,600,000","922,600,000","951,000,000","868,900,000","899,500,000","944,800,000","913,400,000","1,076,700,000","1,071,400,000","1,080,400,000","1,114,500,000","1,230,900,000","1,268,000,000","1,361,000,000","820,300,000","714,700,000","693,800,000","883,900,000","790,700,000","790,100,000","786,900,000","902,200,000","1,114,200,000","1,198,400,000","1,200,000,000","1,221,400,000","1,182,300,000","1,170,700,000","1,174,100,000","1,180,200,000","1,188,100,000","1,010,200,000","1,042,000,000","1,041,300,000","1,025,700,000","1,290,600,000","1,293,700,000","1,292,500,000","1,297,400,000","1,298,700,000","1,311,100,000","1,306,700,000","1,469,400,000","1,423,300,000","1,572,000,000","1,572,400,000","1,549,100,000","1,443,800,000","1,448,600,000","1,441,100,000","1,437,200,000","1,416,000,000","1,407,900,000","1,280,300,000","1,273,500,000","1,247,100,000","1,243,500,000","1,310,900,000"
LongTermDebtAndCapitalLeaseObligation,"2,959,700,000","3,537,600,000","4,044,800,000","4,043,000,000","2,876,500,000","2,878,800,000","3,550,800,000","2,639,000,000","2,627,600,000","2,615,700,000","2,020,400,000","2,084,400,000","2,703,700,000","2,684,400,000","2,872,300,000","2,986,800,000","3,068,500,000","3,095,700,000","2,935,100,000","835,100,000","850,500,000","868,400,000","822,300,000","950,200,000","983,000,000","980,300,000","735,500,000","746,500,000","760,600,000","659,400,000","686,300,000","706,800,000","658,300,000","802,500,000","805,000,000","811,900,000","836,900,000","948,800,000","998,700,000","1,095,200,000","752,800,000","650,200,000","632,900,000","823,500,000","727,600,000","729,900,000","729,500,000","844,300,000","1,061,400,000","1,151,400,000","1,151,900,000","1,149,600,000","1,128,600,000","1,112,200,000","1,117,400,000","1,123,700,000","1,148,100,000","972,000,000","1,009,800,000","1,009,700,000","993,100,000","1,118,000,000","1,124,100,000","1,126,900,000","1,131,800,000","1,126,500,000","1,127,000,000","1,125,900,000","1,291,500,000","1,269,000,000","1,416,700,000","1,413,400,000","1,393,900,000","1,392,100,000","1,392,600,000","1,372,800,000","1,374,500,000","1,379,000,000","1,375,400,000","1,251,200,000","1,252,700,000","1,231,300,000","1,228,800,000","1,297,600,000"
LongTermDebt,"2,959,700,000","3,537,600,000","4,044,800,000","4,043,000,000","2,876,500,000","2,878,800,000","3,550,800,000","2,639,000,000","2,627,600,000","2,615,700,000","2,020,400,000","2,084,400,000","2,703,700,000","2,684,400,000","2,872,300,000","2,986,800,000","3,068,500,000","3,095,700,000","2,935,100,000","835,100,000","850,500,000","868,400,000","822,300,000","950,200,000","983,000,000","980,300,000","735,500,000","746,500,000","760,600,000","659,400,000","686,300,000","706,800,000","658,300,000","802,500,000","805,000,000","811,900,000","836,900,000","948,800,000","998,700,000","1,095,200,000","752,800,000","650,200,000","632,900,000","823,500,000","727,600,000","729,900,000","729,500,000","844,300,000","1,061,400,000","1,151,400,000","1,151,900,000","1,149,600,000","1,128,600,000","1,112,200,000","1,117,400,000","1,123,700,000","1,148,100,000","972,000,000","1,009,800,000","1,009,700,000","993,100,000","1,118,000,000","1,124,100,000","1,126,900,000","1,131,800,000","1,126,500,000","1,127,000,000","1,125,900,000","1,291,500,000","1,269,000,000","1,416,700,000","1,413,400,000","1,393,900,000","1,392,100,000","1,392,600,000","1,372,800,000","1,374,500,000","1,379,000,000","1,375,400,000","1,251,200,000","1,252,700,000","1,231,300,000","1,228,800,000","1,297,600,000"
NonCurrentDeferredLiabilities,"57,300,000","62,600,000","61,500,000","60,800,000","60,200,000","59,800,000","58,900,000","54,100,000","54,800,000","60,700,000","63,600,000","57,100,000","55,100,000","309,100,000","271,300,000","246,000,000","288,900,000","248,200,000",,,,,,,,,,,,"23,500,000","21,300,000","22,800,000","22,900,000","21,400,000","19,800,000","21,100,000","17,500,000","21,100,000","22,300,000","21,600,000","18,200,000","18,100,000","16,300,000","15,400,000","13,800,000","12,700,000","12,900,000",,"4,700,000",,"700,000","8,000,000","6,900,000","6,100,000","5,400,000","5,200,000","4,200,000","5,600,000",,,"1,200,000","800,000","200,000","400,000","2,300,000",,,,,,"700,000","900,000","2,200,000","3,900,000","1,000,000","300,000",,,,,,,,
NonCurrentDeferredTaxesLiabilities,"57,300,000","62,600,000","61,500,000","60,800,000","60,200,000","59,800,000","58,900,000","54,100,000","54,800,000","60,700,000","63,600,000","57,100,000","55,100,000","309,100,000","271,300,000","246,000,000","288,900,000","248,200,000",,,,,,,,,,,,"23,500,000","21,300,000","22,800,000","22,900,000","21,400,000","19,800,000","21,100,000","17,500,000","21,100,000","22,300,000","21,600,000","18,200,000","18,100,000","16,300,000","15,400,000","13,800,000","12,700,000","12,900,000",,"4,700,000",,"700,000","8,000,000","6,900,000","6,100,000","5,400,000","5,200,000","4,200,000","5,600,000",,,"1,200,000","800,000","200,000","400,000","2,300,000",,,,,,"700,000","900,000","2,200,000","3,900,000","1,000,000","300,000",,,,,,,,
TradeandOtherPayablesNonCurrent,,,,,,,,,,,,,,,,,,,,,,,,,,,,,,,,0,,,,,,,,,,,,,,,,,,,,,,,,,,,,,,,,,,,,,,,,,,,,,,,,,,,,
PreferredSecuritiesOutsideStockEquity,,,,,,,,,,,,,0,0,0,0,"32,900,000",,,,,,,,,,,,,,,,,,,,,,,,,,,,,,,,,,,,,,,,,,,,,"138,700,000","136,100,000","133,600,000","131,100,000","128,600,000","126,200,000","123,900,000","119,700,000","116,800,000","114,500,000","112,300,000","110,100,000",,,,,,,,0,,,
OtherNonCurrentLiabilities,"418,400,000","403,500,000","397,600,000","343,300,000","346,300,000","342,500,000","350,100,000","333,000,000","241,800,000","215,300,000","221,500,000","225,100,000","226,400,000","203,100,000","208,200,000","194,300,000","186,500,000","195,100,000","176,500,000","152,500,000","147,900,000","162,600,000","153,100,000","155,200,000","151,800,000","214,600,000","174,100,000","176,100,000","190,400,000","186,000,000","191,900,000","215,200,000","232,200,000","252,800,000","246,600,000","247,400,000","260,100,000","261,000,000","247,000,000","244,200,000","49,300,000","46,400,000","44,600,000","45,000,000","49,300,000","47,500,000","44,500,000","57,900,000","48,100,000","47,000,000","47,400,000","63,800,000","46,800,000","52,400,000","51,300,000","51,300,000","35,800,000","32,600,000","32,200,000","31,600,000","31,400,000","33,100,000","33,300,000","31,600,000","32,200,000","43,600,000","57,900,000","56,900,000","58,200,000","37,500,000","40,100,000","45,800,000","42,900,000","47,800,000","55,000,000","68,000,000","62,700,000","37,000,000","32,500,000","29,100,000","20,800,000","15,800,000","14,700,000","13,300,000"
TotalEquityGrossMinorityInterest,"3,558,100,000","3,447,200,000","3,259,300,000","3,237,600,000","3,324,100,000","3,239,600,000","3,297,900,000","3,220,700,000","3,194,100,000","3,203,400,000","3,096,800,000","2,951,500,000","2,801,000,000","2,235,400,000","2,119,300,000","1,998,300,000","1,845,000,000","1,754,000,000","1,725,700,000","1,678,100,000","1,631,900,000","1,581,100,000","1,619,700,000","1,627,200,000","1,647,400,000","1,674,300,000","1,639,500,000","1,539,900,000","1,486,800,000","1,501,700,000","1,465,300,000","1,413,900,000","1,390,700,000","1,539,600,000","1,544,600,000","1,534,500,000","1,493,500,000","1,525,700,000","1,587,600,000","1,509,700,000","1,388,000,000","1,302,600,000","1,199,300,000","1,087,700,000","1,004,600,000","923,500,000","868,400,000","848,800,000","696,000,000","1,101,200,000","1,050,200,000","995,300,000","34,400,000","-34,800,000","-117,800,000","-138,200,000","-204,600,000","-800,000","-74,800,000","-224,400,000","-275,500,000","-455,600,000","-481,900,000","-496,900,000","-512,400,000","-426,100,000","-441,200,000","-436,700,000","-618,200,000","-577,700,000","-725,300,000","-688,300,000","-658,000,000","-508,200,000","-486,800,000","-458,000,000","-411,700,000","57,000,000","30,300,000","179,700,000","344,400,000","326,800,000","296,100,000","7,800,000"
StockholdersEquity,"3,538,500,000","3,423,400,000","3,236,100,000","3,214,900,000","3,301,700,000","3,215,300,000","3,274,300,000","3,198,200,000","3,171,600,000","3,179,100,000","3,072,700,000","2,928,400,000","2,778,800,000","2,212,400,000","2,096,500,000","1,976,000,000","1,823,200,000","1,730,600,000","1,700,900,000","1,654,000,000","1,608,200,000","1,558,300,000","1,597,400,000","1,605,600,000","1,626,500,000","1,642,600,000","1,606,700,000","1,506,900,000","1,454,000,000","1,469,400,000","1,434,000,000","1,383,600,000","1,361,100,000","1,511,300,000","1,517,200,000","1,508,400,000","1,468,200,000","1,501,800,000","1,564,100,000","1,487,000,000","1,366,000,000","1,280,800,000","1,178,100,000","1,067,400,000","985,000,000","904,300,000","849,900,000","831,100,000","678,700,000","1,084,800,000","1,034,200,000","978,600,000","15,900,000","-53,500,000","-137,100,000","-157,200,000","-225,400,000","-20,300,000","-100,000,000","-249,700,000","-300,300,000","-482,000,000","-507,300,000","-521,800,000","-537,800,000","-452,200,000","-466,900,000","-463,100,000","-644,600,000","-603,900,000","-750,700,000","-692,500,000","-662,100,000","-512,100,000","-490,700,000","-461,900,000","-415,800,000","52,000,000","24,600,000","173,700,000","337,700,000","314,900,000","284,900,000","-2,900,000"
CapitalStock,"5,700,000","5,700,000","5,700,000","5,700,000","5,700,000","5,600,000","5,600,000","5,600,000","5,600,000","5,600,000","5,600,000","5,500,000","5,500,000","5,500,000","5,500,000","5,500,000","5,400,000","5,400,000","5,400,000","5,400,000","5,300,000","5,300,000","5,300,000","5,300,000","5,200,000","5,200,000","5,200,000","5,200,000","5,200,000","5,100,000","5,100,000","5,100,000","5,100,000","5,100,000","5,100,000","5,100,000","5,000,000","5,000,000","5,000,000","4,900,000","4,900,000","4,800,000","4,800,000","4,800,000","4,700,000","4,700,000","4,700,000","4,700,000","4,600,000","4,500,000","4,400,000","4,400,000","3,400,000","3,400,000","3,400,000","3,300,000","3,300,000","3,200,000","3,200,000","3,100,000","3,100,000","2,600,000","2,500,000","2,500,000","2,500,000","2,500,000","2,500,000","2,500,000","2,200,000","2,200,000","1,800,000","1,800,000","1,800,000","109,700,000","107,600,000","105,500,000","103,300,000","101,000,000","1,700,000","1,700,000","1,700,000","1,700,000","1,700,000","227,600,000"
PreferredStock,,,,,,,,,,,,,,,,,,,,,,,,,,,,,,,,,,,,,,,,,,,,,,,,,,,,,,,,,,,,,,,,,,,,,,,,,,"107,900,000","105,800,000","103,700,000","101,600,000","99,000,000",,,,,,"226,200,000"
CommonStock,"5,700,000","5,700,000","5,700,000","5,700,000","5,700,000","5,600,000","5,600,000","5,600,000","5,600,000","5,600,000","5,600,000","5,500,000","5,500,000","5,500,000","5,500,000","5,500,000","5,400,000","5,400,000","5,400,000","5,400,000","5,300,000","5,300,000","5,300,000","5,300,000","5,200,000","5,200,000","5,200,000","5,200,000","5,200,000","5,100,000","5,100,000","5,100,000","5,100,000","5,100,000","5,100,000","5,100,000","5,000,000","5,000,000","5,000,000","4,900,000","4,900,000","4,800,000","4,800,000","4,800,000","4,700,000","4,700,000","4,700,000","4,700,000","4,600,000","4,500,000","4,400,000","4,400,000","3,400,000","3,400,000","3,400,000","3,300,000","3,300,000","3,200,000","3,200,000","3,100,000","3,100,000","2,600,000","2,500,000","2,500,000","2,500,000","2,500,000","2,500,000","2,500,000","2,200,000","2,200,000","1,800,000","1,800,000","1,800,000","1,800,000","1,800,000","1,800,000","1,700,000","2,000,000","1,700,000","1,700,000","1,700,000","1,700,000","1,700,000","1,400,000"
AdditionalPaidInCapital,"4,133,100,000","3,877,600,000","3,854,600,000","3,830,300,000","3,809,500,000","3,779,100,000","3,757,600,000","3,722,500,000","3,702,300,000","3,670,300,000","3,646,100,000","3,615,500,000","3,593,500,000","3,557,100,000","3,538,500,000","3,510,600,000","3,473,300,000","3,478,100,000","3,457,100,000","3,437,000,000","3,420,300,000","3,404,000,000","3,387,800,000","3,317,600,000","3,281,200,000","3,269,000,000","3,250,600,000","3,228,900,000","3,210,800,000","3,195,200,000","3,183,300,000","3,167,800,000","3,156,400,000","3,143,200,000","3,133,600,000","3,125,600,000","3,113,500,000","3,102,500,000","3,098,000,000","3,069,500,000","3,016,100,000","2,987,700,000","2,973,100,000","2,939,900,000","2,916,600,000","2,899,300,000","2,874,100,000","2,853,200,000","2,517,300,000","2,390,800,000","2,373,100,000","2,354,500,000","1,419,600,000","1,411,300,000","1,394,300,000","1,380,100,000","1,356,400,000","1,347,100,000","1,342,100,000","1,260,400,000","1,252,700,000","1,113,000,000","1,113,100,000","1,114,500,000","1,116,000,000","1,115,800,000","1,117,000,000","1,118,200,000","891,300,000","892,000,000","733,800,000","735,500,000","737,400,000","735,600,000","737,700,000","738,100,000","738,800,000","739,000,000","738,300,000","735,100,000","730,400,000","723,100,000","722,100,000","204,200,000"
RetainedEarnings,"1,425,500,000","1,336,500,000","1,175,900,000","1,177,300,000","1,191,300,000","1,134,800,000","1,195,500,000","1,093,700,000","979,600,000","814,000,000","646,900,000","491,700,000","351,500,000","-178,400,000","-287,100,000","-381,000,000","-527,300,000","-638,200,000","-648,300,000","-673,400,000","-709,400,000","-763,500,000","-809,800,000","-860,500,000","-915,600,000","-954,100,000","-995,700,000","-1,083,700,000","-1,142,100,000","-1,170,800,000","-1,222,600,000","-1,270,300,000","-1,292,900,000","-1,154,700,000","-1,167,200,000","-1,174,100,000","-1,202,300,000","-1,159,800,000","-1,090,300,000","-1,139,100,000","-1,213,900,000","-1,274,900,000","-1,362,700,000","-1,441,400,000","-1,504,400,000","-1,572,400,000","-1,602,300,000","-1,599,300,000","-1,431,500,000","-924,800,000","-986,000,000","-1,030,600,000","-1,051,400,000","-1,112,500,000","-1,176,300,000","-1,239,600,000","-1,284,700,000","-1,372,100,000","-1,448,900,000","-1,516,400,000","-1,556,800,000","-1,600,600,000","-1,624,100,000","-1,642,600,000","-1,657,400,000","-1,569,100,000","-1,584,800,000","-1,581,300,000","-1,533,700,000","-1,491,300,000","-1,475,000,000","-1,397,600,000","-1,367,000,000","-1,327,400,000","-1,306,900,000","-1,275,100,000","-1,225,100,000","-775,000,000","-705,300,000","-553,100,000","-393,700,000","-411,400,000","-441,300,000","-437,100,000"
TreasuryStock,"1,968,200,000","1,733,000,000","1,732,500,000","1,731,900,000","1,650,500,000","1,648,600,000","1,631,000,000","1,579,900,000","1,478,000,000","1,275,300,000","1,191,000,000","1,149,900,000","1,131,100,000","1,128,000,000","1,116,600,000","1,116,000,000","1,078,000,000","1,076,100,000","1,073,900,000","1,073,700,000","1,065,700,000","1,043,400,000","942,300,000","811,000,000","702,800,000","632,900,000","608,100,000","597,100,000","572,500,000","511,500,000","480,700,000","468,600,000","466,400,000","437,100,000","409,600,000","406,600,000","401,300,000","397,400,000","394,100,000","389,600,000","382,000,000","377,200,000","374,000,000","370,800,000","367,000,000","363,400,000","359,000,000","358,900,000","358,100,000","356,900,000","355,900,000","355,700,000","355,200,000","355,200,000","355,200,000","300,000,000","300,000,000",,,,,,,,,,,,,,,,,,,,,,,,,,,
GainsLossesNotAffectingRetainedEarnings,"-57,600,000","-63,400,000","-67,600,000","-66,500,000","-54,300,000","-55,600,000","-53,400,000","-43,700,000","-37,900,000","-35,500,000","-34,900,000","-34,400,000","-40,600,000","-43,800,000","-43,800,000","-43,100,000","-50,200,000","-38,600,000","-39,400,000","-41,300,000","-42,300,000","-44,100,000","-43,600,000","-45,800,000","-41,500,000","-44,600,000","-45,300,000","-46,400,000","-47,400,000","-48,600,000","-51,100,000","-50,400,000","-41,100,000","-45,200,000","-44,700,000","-41,600,000","-46,700,000","-48,500,000","-54,500,000","-58,700,000","-59,100,000","-59,600,000","-63,100,000","-65,100,000","-64,900,000","-63,900,000","-67,600,000","-68,600,000","-53,600,000","-28,800,000","-1,400,000","6,000,000","-500,000","-500,000","-3,300,000","-1,000,000","-400,000","1,500,000","3,600,000","3,200,000","700,000","3,000,000","1,200,000","3,800,000","1,100,000","-1,400,000","-1,600,000","-2,500,000","-4,400,000","-6,800,000","-11,300,000","-32,200,000","-34,300,000","-30,000,000","-29,100,000","-30,400,000","-32,800,000","-13,000,000","-10,100,000","-10,000,000","-700,000","1,500,000","2,400,000","2,400,000"
ForeignCurrencyTranslationAdjustments,,,,,,,,,,,,,,,,,,,,,,,,,,,,,,,,,,,,,,,,"-58,400,000",,,,,,,,,,,"-1,000,000",,,"-400,000","-3,500,000","-1,700,000","-1,900,000","-1,200,000",,,,,,,,,,,,,,,,,,,,,,,,,,
OtherEquityAdjustments,,,,,,,,,,,,,,,,,,,,,,,,,,,,,,,,,,,,,,,,"-300,000",,,,,,,,,,,"-400,000",,,"-100,000","200,000","700,000","1,500,000","2,700,000",,,,,,,,,,,,,,,,,,,,,,,,,,
MinorityInterest,"19,600,000","23,800,000","23,200,000","22,700,000","22,400,000","24,300,000","23,600,000","22,500,000","22,500,000","24,300,000","24,100,000","23,100,000","22,200,000","23,000,000","22,800,000","22,300,000","21,800,000","23,400,000","24,800,000","24,100,000","23,700,000","22,800,000","22,300,000","21,600,000","20,900,000","31,700,000","32,800,000","33,000,000","32,800,000","32,300,000","31,300,000","30,300,000","29,600,000","28,300,000","27,400,000","26,100,000","25,300,000","23,900,000","23,500,000","22,700,000","22,000,000","21,800,000","21,200,000","20,300,000","19,600,000","19,200,000","18,500,000","17,700,000","17,300,000","16,400,000","16,000,000","16,700,000","18,500,000","18,700,000","19,300,000","19,000,000","20,800,000","19,500,000","25,200,000","25,300,000","24,800,000","26,400,000","25,400,000","24,900,000","25,400,000","26,100,000","25,700,000","26,400,000","26,400,000","26,200,000","25,400,000","4,200,000","4,100,000","3,900,000","3,900,000","3,900,000","4,100,000","5,000,000","5,700,000","6,000,000","6,700,000","11,900,000","11,200,000","10,700,000"
TotalCapitalization,"6,498,200,000","6,961,000,000","7,280,900,000","7,257,900,000","6,178,200,000","6,094,100,000","6,825,100,000","5,837,200,000","5,799,200,000","5,794,800,000","5,093,100,000","5,012,800,000","5,482,500,000","4,896,800,000","4,968,800,000","4,962,800,000","4,891,700,000","4,826,300,000","4,636,000,000","2,489,100,000","2,458,700,000","2,426,700,000","2,419,700,000","2,555,800,000","2,609,500,000","2,622,900,000","2,342,200,000","2,253,400,000","2,214,600,000","2,128,800,000","2,120,300,000","2,090,400,000","2,019,400,000","2,313,800,000","2,322,200,000","2,320,300,000","2,305,100,000","2,450,600,000","2,562,800,000","2,582,200,000","2,118,800,000","1,931,000,000","1,811,000,000","1,890,900,000","1,712,600,000","1,634,200,000","1,579,400,000","1,675,400,000","1,740,100,000","2,236,200,000","2,186,100,000","2,128,200,000","1,144,500,000","1,058,700,000","980,300,000","966,500,000","922,700,000","951,700,000","909,800,000","760,000,000","692,800,000","636,000,000","616,800,000","605,100,000","594,000,000","674,300,000","660,100,000","662,800,000","646,900,000","665,100,000","666,000,000","720,900,000","731,800,000","880,000,000","901,900,000","910,900,000","958,700,000","1,431,000,000","1,400,000,000","1,424,900,000","1,590,400,000","1,546,200,000","1,513,700,000","1,294,700,000"
PreferredStockEquity,,,,,,,,,,,,,,,,,,,,,,,,,,,,,,,,,,,,,,,,,,,,,,,,,,,,,,,,,,,,,,,,,,,,,,,,,,"107,900,000","105,800,000","103,700,000","101,600,000","99,000,000",,,,,,"226,200,000"
CommonStockEquity,"3,538,500,000","3,423,400,000","3,236,100,000","3,214,900,000","3,301,700,000","3,215,300,000","3,274,300,000","3,198,200,000","3,171,600,000","3,179,100,000","3,072,700,000","2,928,400,000","2,778,800,000","2,212,400,000","2,096,500,000","1,976,000,000","1,823,200,000","1,730,600,000","1,700,900,000","1,654,000,000","1,608,200,000","1,558,300,000","1,597,400,000","1,605,600,000","1,626,500,000","1,642,600,000","1,606,700,000","1,506,900,000","1,454,000,000","1,469,400,000","1,434,000,000","1,383,600,000","1,361,100,000","1,511,300,000","1,517,200,000","1,508,400,000","1,468,200,000","1,501,800,000","1,564,100,000","1,487,000,000","1,366,000,000","1,280,800,000","1,178,100,000","1,067,400,000","985,000,000","904,300,000","849,900,000","831,100,000","678,700,000","1,084,800,000","1,034,200,000","978,600,000","15,900,000","-53,500,000","-137,100,000","-157,200,000","-225,400,000","-20,300,000","-100,000,000","-249,700,000","-300,300,000","-482,000,000","-507,300,000","-521,800,000","-537,800,000","-452,200,000","-466,900,000","-463,100,000","-644,600,000","-603,900,000","-750,700,000","-692,500,000","-662,100,000","-620,000,000","-596,500,000","-565,600,000","-517,400,000","-47,000,000","24,600,000","173,700,000","337,700,000","314,900,000","284,900,000","-229,100,000"
NetTangibleAssets,"1,406,100,000","1,261,800,000","1,044,900,000","993,300,000","1,052,000,000","933,500,000","943,800,000","1,726,200,000","1,672,700,000","1,650,700,000","1,516,000,000","1,410,600,000","1,233,300,000","633,000,000","463,200,000","320,800,000","136,400,000","-48,300,000","1,153,500,000","1,081,100,000","1,010,800,000","926,900,000","946,300,000","917,200,000","904,200,000","886,900,000","1,149,600,000","1,107,000,000","1,046,000,000","1,053,000,000","1,009,300,000","950,500,000","919,500,000","1,008,700,000","1,003,700,000","983,900,000","932,300,000","954,300,000","1,005,900,000","917,100,000","871,800,000","764,000,000","653,500,000","545,100,000","510,900,000","443,200,000","382,800,000","356,300,000","185,100,000","48,600,000","-26,100,000","-95,100,000","-214,000,000","-143,300,000","-227,400,000","-248,100,000","-316,500,000","-112,200,000","-188,900,000","-327,000,000","-377,600,000","-559,300,000","-584,600,000","-599,100,000","-615,100,000","-529,500,000","-544,200,000","-540,400,000","-721,900,000","-681,200,000","-828,000,000","-793,500,000","-766,100,000","-619,100,000","-600,700,000","-574,900,000","-533,000,000","-71,000,000","-104,800,000","38,700,000","196,900,000","175,900,000","140,400,000","-2,900,000"
WorkingCapital,"1,509,600,000","2,009,500,000","2,379,800,000","2,296,200,000","1,201,600,000","1,071,400,000","1,797,400,000","1,729,200,000","1,698,500,000","1,782,300,000","1,032,000,000","1,022,000,000","1,524,300,000","1,386,100,000","1,401,100,000","1,397,100,000","1,366,500,000","1,304,500,000","661,300,000","712,300,000","652,200,000","614,700,000","611,800,000","745,200,000","765,000,000","800,200,000","892,300,000","913,100,000","891,000,000","767,600,000","745,200,000","743,500,000","669,100,000","781,400,000","800,000,000","824,100,000","852,200,000","932,900,000","1,002,700,000","1,101,800,000","647,100,000","618,500,000","523,400,000","646,000,000","549,600,000","496,500,000","416,500,000","494,600,000","501,200,000","467,000,000","390,400,000","350,100,000","324,400,000","394,800,000","321,800,000","308,900,000","267,800,000","315,800,000","278,800,000","251,200,000","202,000,000","300,300,000","269,800,000","236,800,000","211,900,000","270,200,000","253,800,000","250,800,000","212,500,000","207,000,000","196,500,000","208,600,000","195,000,000","212,100,000","208,100,000","205,100,000","215,900,000","323,000,000","267,100,000","240,800,000","393,400,000","393,100,000","366,100,000","360,600,000"
InvestedCapital,"7,029,800,000","7,662,600,000","7,976,500,000","7,947,500,000","6,914,200,000","6,830,700,000","6,930,800,000","5,968,000,000","5,937,700,000","5,894,000,000","5,839,500,000","5,760,000,000","5,730,600,000","5,155,300,000","5,237,000,000","5,235,600,000","5,445,500,000","5,366,900,000","5,172,700,000","3,014,500,000","3,002,100,000","2,966,000,000","2,975,600,000","2,768,400,000","2,819,100,000","2,826,200,000","2,511,600,000","2,427,100,000","2,396,200,000","2,377,800,000","2,351,600,000","2,333,200,000","2,373,000,000","2,574,700,000","2,587,500,000","2,697,400,000","2,675,200,000","2,738,800,000","2,849,500,000","2,759,000,000","2,254,800,000","2,066,800,000","1,931,500,000","2,002,200,000","1,918,500,000","1,799,900,000","1,754,200,000","1,762,000,000","1,848,000,000","2,305,600,000","2,266,300,000","2,203,700,000","1,175,300,000","1,086,000,000","1,006,300,000","993,200,000","950,600,000","986,400,000","961,000,000","812,300,000","766,700,000","655,500,000","635,100,000","624,200,000","614,000,000","687,400,000","707,100,000","678,100,000","658,300,000","689,000,000","690,900,000","724,900,000","741,100,000","783,100,000","803,600,000","819,800,000","869,500,000","1,348,000,000","1,413,600,000","1,435,900,000","1,596,000,000","1,546,200,000","1,513,700,000","1,068,500,000"
TangibleBookValue,"1,406,100,000","1,261,800,000","1,044,900,000","993,300,000","1,052,000,000","933,500,000","943,800,000","1,726,200,000","1,672,700,000","1,650,700,000","1,516,000,000","1,410,600,000","1,233,300,000","633,000,000","463,200,000","320,800,000","136,400,000","-48,300,000","1,153,500,000","1,081,100,000","1,010,800,000","926,900,000","946,300,000","917,200,000","904,200,000","886,900,000","1,149,600,000","1,107,000,000","1,046,000,000","1,053,000,000","1,009,300,000","950,500,000","919,500,000","1,008,700,000","1,003,700,000","983,900,000","932,300,000","954,300,000","1,005,900,000","917,100,000","871,800,000","764,000,000","653,500,000","545,100,000","510,900,000","443,200,000","382,800,000","356,300,000","185,100,000","48,600,000","-26,100,000","-95,100,000","-214,000,000","-143,300,000","-227,400,000","-248,100,000","-316,500,000","-112,200,000","-188,900,000","-327,000,000","-377,600,000","-559,300,000","-584,600,000","-599,100,000","-615,100,000","-529,500,000","-544,200,000","-540,400,000","-721,900,000","-681,200,000","-828,000,000","-793,500,000","-766,100,000","-727,000,000","-706,500,000","-678,600,000","-634,600,000","-170,000,000","-104,800,000","38,700,000","196,900,000","175,900,000","140,400,000","-229,100,000"
TotalDebt,"3,491,300,000","4,239,200,000","4,740,400,000","4,732,600,000","3,612,500,000","3,615,400,000","3,656,500,000","2,769,800,000","2,766,100,000","2,714,900,000","2,766,800,000","2,831,600,000","2,951,800,000","2,942,900,000","3,140,500,000","3,259,600,000","3,622,300,000","3,636,300,000","3,471,800,000","1,360,500,000","1,393,900,000","1,407,700,000","1,378,200,000","1,162,800,000","1,192,600,000","1,183,600,000","904,900,000","920,200,000","942,200,000","908,400,000","917,600,000","949,600,000","1,011,900,000","1,063,400,000","1,070,300,000","1,189,000,000","1,207,000,000","1,237,000,000","1,285,400,000","1,272,000,000","888,800,000","786,000,000","753,400,000","934,800,000","933,500,000","895,600,000","904,300,000","930,900,000","1,169,300,000","1,220,800,000","1,232,100,000","1,225,100,000","1,159,400,000","1,139,500,000","1,143,400,000","1,150,400,000","1,176,000,000","1,006,700,000","1,061,000,000","1,062,000,000","1,067,000,000","1,137,500,000","1,142,400,000","1,146,000,000","1,151,800,000","1,139,600,000","1,174,000,000","1,141,200,000","1,302,900,000","1,292,900,000","1,441,600,000","1,417,400,000","1,403,200,000","1,403,100,000","1,400,100,000","1,385,400,000","1,386,900,000","1,395,000,000","1,389,000,000","1,262,200,000","1,258,300,000","1,231,300,000","1,228,800,000","1,297,600,000"
NetDebt,"2,410,600,000","2,585,200,000","2,680,000,000","2,750,600,000","2,718,300,000","2,686,700,000","2,771,300,000","1,830,200,000","1,696,500,000","1,763,900,000","1,916,600,000","1,906,700,000","2,002,600,000","2,041,700,000","2,268,900,000","2,530,700,000","2,594,200,000","2,755,800,000","2,883,700,000","741,000,000","776,300,000","850,900,000","801,600,000","734,700,000","680,900,000","691,500,000","306,000,000","358,200,000","432,700,000","538,900,000","521,500,000","412,600,000","525,000,000","642,000,000","552,500,000","608,900,000","554,100,000","577,700,000","528,800,000","506,000,000","265,500,000","223,100,000","286,300,000","374,100,000","407,800,000","500,400,000","500,900,000","528,500,000","710,600,000","802,900,000","910,900,000","917,200,000","884,800,000","812,400,000","887,600,000","874,600,000","907,200,000","773,300,000","766,300,000","810,700,000","833,700,000","865,200,000","906,800,000","968,500,000","1,046,100,000","907,800,000","916,300,000","919,800,000","1,116,300,000","1,109,300,000","1,260,400,000","1,228,300,000","1,220,800,000","1,223,300,000","1,232,400,000","1,237,800,000","1,207,100,000","1,189,000,000","1,213,300,000","1,187,500,000","1,069,400,000","1,072,000,000","1,104,400,000","1,157,300,000"
ShareIssued,"570,766,439","570,045,995","569,611,277","568,774,542","565,562,607","564,323,095","563,192,019","562,317,091","558,701,620","557,144,241","555,619,904","554,961,297","551,873,115","549,490,124","547,421,654","546,525,410","542,317,788","540,067,760","538,508,011","537,690,932","534,134,721","532,553,825","531,527,296","530,699,973","524,615,562","521,953,400","520,663,680","518,975,425","515,888,942","513,797,605","512,777,824","511,727,203","509,977,999","507,999,924","507,233,966","505,423,125","502,452,084","500,273,356","498,334,304","494,262,714","485,904,100","480,967,475","479,112,259","477,044,434","474,427,706","471,767,028","467,693,650","467,678,892","457,741,562","410,820,834","397,968,871","396,335,519","292,615,751","292,129,488","289,623,841","292,094,782","286,349,432","325,349,086","324,756,767","312,488,158","310,637,499","256,592,625","255,591,394","255,209,185","254,790,758","254,218,552","253,655,587","253,166,766","217,299,893","216,323,816","177,116,324","176,663,000","176,439,900","175,797,000","175,782,000","175,343,000","174,653,586","174,224,208","173,906,000","173,335,944","172,746,435","171,715,449","171,656,134","171,624,379"
OrdinarySharesNumber,"411,842,629","411,219,904","410,809,621","410,004,566","411,312,664","410,171,176","410,050,898","411,814,580","413,834,227","423,884,865","426,359,988","427,459,255","425,118,194","422,898,064","421,525,799","420,668,560","418,941,713","416,863,599","415,510,288","414,719,273","412,039,805","412,573,664","421,044,853","430,638,928","434,100,017","439,791,222","441,195,380","440,647,392","440,250,288","446,697,412","449,812,626","450,302,333","448,824,345","451,678,389","455,115,270","453,664,087","451,284,220","449,602,339","448,106,855","444,437,415","436,774,177","432,436,177","431,046,132","429,394,709","427,254,100","425,101,255","421,602,977","421,602,977","411,874,486","410,820,834","397,968,871","396,335,519","292,615,751","292,129,488","289,623,841","292,094,782","286,349,432","325,349,086","324,756,767","312,488,158","310,637,499","256,592,625","255,591,394","255,209,185","254,790,758","254,218,552","253,655,587","253,166,766","217,299,893","216,323,816","177,116,324","176,663,000","176,439,900","175,797,000","175,782,000","175,343,000","174,653,586","174,224,208","173,906,000","173,335,944","172,746,435","171,715,449","171,656,134","171,624,379"
PreferredSharesNumber,,,,,,,,,,,,,,,,,,,,,,,,,,,,,,,,,,,,,,,,,,,,,,,,,,"45,628,171",,,,,,,,,,,,,,,,,,,,,,,,,,,,,,,,,,
TreasurySharesNumber,"158,923,810","158,826,091","158,801,656","158,769,976","154,249,943","154,151,919","153,141,121","150,502,511","144,867,393","133,259,376","129,259,916","127,502,042","126,754,921","126,592,060","125,895,855","125,856,850","123,376,075","123,204,161","122,997,723","122,971,659","122,094,916","119,980,161","110,482,443","100,061,045","90,515,545","82,162,178","79,468,300","78,328,033","75,638,654","67,100,193","62,965,198","61,424,870","61,153,654","56,321,535","52,118,696","51,759,038","51,167,864","50,671,017","50,227,449","49,825,299","49,129,923","48,531,298","48,066,127","47,649,725","47,173,606","46,665,773","46,090,673","46,075,915","45,867,076",,,,,,,,,,,,,,,,,,,,,,,,,,,,,,,,,,,