name,12/31/2020,09/30/2020,06/30/2020,03/31/2020,12/31/2019,09/30/2019,06/30/2019,03/31/2019,12/31/2018,09/30/2018,06/30/2018,03/31/2018,12/31/2017,09/30/2017,06/30/2017,03/31/2017,12/31/2016,09/30/2016,06/30/2016,03/31/2016,12/31/2015,09/30/2015,06/30/2015,03/31/2015,12/31/2014,09/30/2014,06/30/2014,03/31/2014,12/31/2013,09/30/2013,06/30/2013,03/31/2013,12/31/2012,09/30/2012,06/30/2012,03/31/2012,12/31/2011,09/30/2011,06/30/2011,03/31/2011,12/31/2010,09/30/2010,06/30/2010,03/31/2010,12/31/2009,09/30/2009,06/30/2009,03/31/2009,12/31/2008,09/30/2008,06/30/2008,03/31/2008,12/31/2007,09/30/2007,06/30/2007,03/31/2007,12/31/2006,09/30/2006,06/30/2006,03/31/2006,12/31/2005,09/30/2005,06/30/2005,03/31/2005,12/31/2004,09/30/2004,06/30/2004,03/31/2004,12/31/2003,09/30/2003,06/30/2003,03/31/2003,12/31/2002,09/30/2002,06/30/2002,03/31/2002,12/31/2001,09/30/2001,06/30/2001,03/31/2001,12/31/2000,09/30/2000,06/30/2000,03/31/2000,12/31/1999,09/30/1999,06/30/1999,03/31/1999,12/31/1998,09/30/1998,06/30/1998,03/31/1998,12/31/1997,09/30/1997,06/30/1997,03/31/1997,12/31/1996,09/30/1996,06/30/1996,03/31/1996,12/31/1995,09/30/1995,06/30/1995,03/31/1995,12/31/1994,09/30/1994,06/30/1994,03/31/1994,12/31/1993,09/30/1993,06/30/1993,03/31/1993,12/31/1992,09/30/1992,06/30/1992,03/31/1992,12/31/1991,09/30/1991,06/30/1991,03/31/1991,12/31/1990,09/30/1990,06/30/1990,03/31/1990,03/31/1989
TotalAssets,"5,748,965,000","5,575,931,000","5,444,763,000","4,693,334,000","4,951,222,000","5,019,898,000","4,967,898,000","5,151,348,000","5,354,764,000","5,147,536,000","5,055,192,000","5,055,687,000","5,119,619,000","5,030,850,000","5,087,062,000","4,740,532,000","4,836,288,000","4,945,720,000","4,926,475,000","4,823,154,000","4,898,157,000","4,890,350,000","4,915,549,000","4,898,065,000","4,915,204,000","5,017,302,000","5,054,219,000","5,037,349,000","5,001,801,000","5,000,052,000","4,760,923,000","4,729,451,000","4,612,907,000","4,548,634,000","4,493,231,000","4,464,122,000","4,345,100,000","4,267,799,000","4,331,172,000","4,140,850,000","3,858,433,000","3,715,851,000","3,473,004,000","3,184,318,000","3,121,951,000","2,960,685,000","2,845,180,000","2,825,515,000","2,881,461,000","3,048,828,000","3,091,055,000","3,137,107,000","3,212,754,000","3,268,458,000","3,307,499,000","3,179,355,000","3,099,067,000","3,134,338,000","3,129,693,000","3,173,547,000","3,112,137,000","3,169,525,000","3,095,396,000","3,039,196,000","2,991,051,000","2,990,668,000","2,957,004,000","2,937,473,000","2,796,995,000","2,637,373,000","2,523,196,000","2,421,676,000","2,284,173,000","2,352,088,000","2,373,690,000","2,335,360,000","2,228,070,000","2,098,555,000","2,329,141,000","2,502,196,000","2,503,954,000","2,510,618,000","2,378,261,000","2,348,639,000","1,390,937,000","1,277,644,000","1,168,273,000","1,070,248,000","1,000,624,000","931,342,000","943,818,000","941,238,000","966,847,000","936,287,000","908,223,000","847,693,000","810,811,000","809,713,000","767,929,000","720,880,000","671,000,000","383,200,000","344,900,000","320,900,000","279,300,000","249,900,000","238,700,000","226,200,000","204,500,000","191,500,000","182,700,000","162,900,000","150,300,000","157,700,000","159,600,000","146,600,000","137,900,000","127,300,000","122,800,000","111,600,000","101,700,000","91,100,000","88,900,000","34,500,000","22,900,000"
	CurrentAssets,"3,967,249,000","3,813,515,000","3,664,663,000","2,909,141,000","3,128,021,000","3,258,000,000","3,589,568,000","3,891,978,000","4,172,352,000","3,965,283,000","4,125,545,000","4,144,486,000","4,197,883,000","4,172,230,000","4,227,908,000","3,880,116,000","3,916,052,000","4,019,194,000","4,021,700,000","3,918,933,000","4,008,294,000","3,981,161,000","3,979,726,000","3,935,051,000","3,515,140,000","3,303,977,000","3,168,699,000","3,067,147,000","2,947,826,000","2,801,206,000","2,354,584,000","2,297,639,000","2,263,571,000","2,250,058,000","2,302,180,000","2,450,309,000","2,352,554,000","2,414,258,000","2,621,040,000","2,622,786,000","2,530,655,000","2,343,913,000","2,222,172,000","1,907,066,000","1,958,726,000","1,944,432,000","1,833,190,000","1,752,468,000","1,754,268,000","1,822,691,000","1,732,498,000","1,820,196,000","1,893,136,000","1,772,138,000","1,758,570,000","1,700,102,000","1,724,733,000","1,866,798,000","1,670,833,000","1,648,248,000","1,478,354,000","1,489,791,000","1,576,060,000","1,466,364,000","1,197,019,000","1,187,117,000","1,142,885,000","1,301,552,000","1,160,588,000","1,215,482,000","1,288,593,000","1,175,282,000","1,108,831,000","1,128,787,000","1,100,846,000","998,753,000","859,544,000","899,005,000","955,734,000","1,101,879,000","1,022,022,000","1,242,335,000","1,200,301,000","1,040,925,000","857,425,000","781,467,000","781,424,000","657,709,000","575,820,000","599,339,000","620,988,000","600,224,000","639,721,000","636,552,000","651,002,000","601,555,000","563,891,000","591,215,000","552,680,000","538,706,000","532,700,000","262,200,000","231,300,000","256,200,000","219,200,000","184,400,000","158,900,000","194,200,000","173,600,000","163,900,000","156,100,000","136,800,000","124,200,000","131,600,000","133,500,000","121,400,000","118,000,000","109,100,000","109,200,000","99,500,000","90,300,000","80,700,000","80,000,000","29,100,000","19,500,000"
		CashCashEquivalentsAndShortTermInvestments,"3,324,425,000","3,095,936,000","2,999,335,000","2,267,216,000","2,425,165,000","2,515,843,000","2,883,137,000","3,175,684,000","3,469,652,000","3,280,560,000","3,364,198,000","3,447,570,000","3,541,576,000","3,560,220,000","3,647,562,000","3,321,457,000","3,254,135,000","3,489,828,000","3,517,978,000","3,337,699,000","3,396,536,000","3,295,784,000","3,332,425,000","3,303,061,000","2,920,767,000","2,595,846,000","2,485,207,000","2,457,321,000","2,457,419,000","2,264,065,000","1,841,780,000","1,714,745,000","1,686,631,000","1,706,457,000","1,743,127,000","1,917,627,000","1,760,631,000","1,807,545,000","1,973,386,000","1,926,413,000","1,764,765,000","1,406,664,000","1,543,665,000","1,386,605,000","1,489,993,000","1,517,610,000","1,424,547,000","1,324,933,000","1,289,930,000","1,301,013,000","1,238,713,000","1,296,435,000","1,366,114,000","1,221,288,000","1,202,001,000","1,137,915,000","1,157,653,000","1,238,858,000","1,069,021,000","1,022,202,000","888,320,000","911,885,000","951,178,000","861,558,000","693,230,000","669,334,000","646,017,000","798,960,000","704,503,000","745,145,000","829,162,000","675,595,000","684,085,000","596,959,000","560,401,000","509,717,000","417,365,000","376,726,000","307,804,000","370,784,000","402,118,000","666,127,000","687,901,000","607,750,000","497,541,000","428,247,000","480,764,000","402,472,000","335,723,000","358,138,000","361,634,000","362,187,000","417,559,000","434,613,000","465,485,000","425,847,000","390,102,000","423,484,000","398,773,000","377,961,000","120,300,000","67,400,000","61,900,000","56,700,000","51,700,000","47,500,000","34,200,000","47,300,000","37,500,000","38,400,000","39,700,000","30,000,000","28,700,000","35,200,000","39,300,000","23,300,000","34,800,000","30,800,000","30,700,000","25,300,000","65,600,000","60,700,000","61,900,000","13,100,000","9,500,000"
			CashAndCashEquivalents,"1,125,566,000","1,170,776,000","1,227,376,000","1,777,703,000","1,292,088,000","1,603,813,000","1,590,026,000","1,544,490,000","1,929,521,000","1,974,638,000","1,677,389,000","2,179,328,000","911,461,000","1,070,193,000","1,059,355,000","966,695,000","839,546,000","690,490,000","582,362,000","503,816,000","898,264,000","760,611,000","666,338,000","892,572,000","1,431,023,000","714,699,000","625,032,000","973,677,000","631,879,000","570,494,000","509,414,000","623,558,000","623,137,000","595,119,000","526,189,000","788,822,000","661,325,000","602,952,000","961,237,000","1,222,359,000","1,101,050,000","774,505,000","912,445,000","1,031,457,000","1,037,564,000","1,028,120,000","836,381,000","1,065,987,000","1,007,782,000","701,406,000","769,476,000","866,995,000","400,398,000","368,302,000","627,964,000","635,879,000","540,048,000","903,584,000","829,238,000","783,366,000","623,907,000","567,026,000","497,147,000","449,388,000","377,445,000","287,548,000","256,356,000","337,343,000","312,759,000","359,106,000","343,357,000","213,995,000","227,553,000","145,947,000","215,327,000","230,336,000","204,438,000","201,517,000","160,525,000","208,693,000","97,957,000","162,509,000","149,341,000","85,548,000","80,548,000","75,904,000","110,897,000","53,584,000","111,683,000","69,894,000","134,233,000","166,861,000","244,079,000","260,372,000","130,531,000","215,903,000","155,003,000","114,081,000","129,826,000","110,893,000","120,300,000","67,400,000","61,900,000","56,700,000","51,700,000","47,500,000","34,200,000","47,300,000","37,500,000","38,400,000","39,700,000","30,000,000","28,700,000","35,200,000","39,300,000","23,300,000","34,800,000","30,800,000","30,700,000","25,300,000","65,600,000","60,700,000","61,900,000","13,100,000","9,500,000"
			OtherShortTermInvestments,"2,198,859,000","1,925,160,000","1,771,959,000","489,513,000","1,133,077,000","912,030,000","1,293,111,000","1,631,194,000","1,540,131,000","1,305,922,000","1,686,809,000","1,268,242,000","2,630,115,000","2,490,027,000","2,588,207,000","2,354,762,000","2,414,589,000","2,799,338,000","2,935,616,000","2,833,883,000","2,498,272,000","2,535,173,000","2,666,087,000","2,410,489,000","1,489,744,000","1,881,147,000","1,860,175,000","1,483,644,000","1,825,540,000","1,693,571,000","1,332,366,000","1,091,187,000","1,063,494,000","1,111,338,000","1,216,938,000","1,128,805,000","1,099,306,000","1,204,593,000","1,012,149,000","704,054,000","663,715,000","632,159,000","631,220,000","355,148,000","452,429,000","489,490,000","588,166,000","258,946,000","282,148,000","599,607,000","469,237,000","429,440,000","965,716,000","852,986,000","574,037,000","502,036,000","617,605,000","335,274,000","239,783,000","238,836,000","264,413,000","344,859,000","454,031,000","412,170,000","315,785,000","381,786,000","389,661,000","461,617,000","391,744,000","386,039,000","485,805,000","461,600,000","456,532,000","451,012,000","345,074,000","279,381,000","212,927,000","175,209,000","147,279,000","162,091,000","304,161,000","503,618,000","538,560,000","522,202,000","416,993,000","352,343,000","369,867,000","348,888,000","224,040,000","288,244,000","227,401,000","195,326,000","173,480,000","174,241,000","334,954,000","209,944,000","235,099,000","309,403,000","268,947,000","267,068,000",,,,,,,,,,,,,,,,,,,,,,,,,
		Receivables,"269,605,000","362,497,000","305,180,000","273,028,000","253,548,000","335,499,000","305,955,000","335,165,000","359,367,000","372,983,000","456,898,000","372,144,000","348,464,000","286,855,000","268,257,000","243,915,000","340,852,000","227,758,000","217,014,000","307,458,000","203,176,000","282,627,000","251,988,000","246,615,000","187,496,000","290,629,000","281,335,000","267,833,000","207,248,000","277,539,000","268,153,000","229,175,000","232,257,000","222,269,000","257,944,000","214,965,000","211,132,000","216,416,000","244,683,000","286,464,000","369,657,000","556,766,000","355,406,000","262,735,000","231,078,000","226,673,000","195,929,000","216,390,000","213,590,000","234,078,000","205,480,000","256,936,000","229,293,000","236,600,000","208,392,000","219,754,000","147,711,000","186,224,000","152,214,000","233,058,000","142,271,000","191,512,000","194,601,000","213,459,000","153,315,000","202,511,000","208,317,000","248,956,000","168,480,000","168,023,000","137,010,000","197,690,000","124,597,000","175,245,000","167,821,000","148,432,000","89,857,000","90,218,000","121,930,000","172,768,000","222,267,000","243,858,000","218,309,000","135,048,000","96,266,000","94,809,000","85,911,000","73,409,000","80,735,000","74,071,000","77,870,000","60,912,000","63,802,000","65,985,000","72,704,000","72,248,000","68,549,000","67,375,000","72,004,000","79,528,000","70,900,000","68,900,000","54,300,000","43,900,000","36,600,000","39,800,000","37,900,000","35,900,000","29,400,000","31,800,000","30,100,000","27,100,000","28,900,000","19,700,000","25,500,000","21,100,000","22,000,000","16,100,000","13,500,000","12,800,000","13,300,000","12,300,000","11,200,000","10,900,000","4,400,000"
			AccountsReceivable,"269,605,000","362,497,000","305,180,000","273,028,000","253,548,000","335,499,000","305,955,000","335,165,000","359,367,000","372,983,000","456,898,000","372,144,000","348,464,000","286,855,000","268,257,000","243,915,000","340,852,000","227,758,000","217,014,000","307,458,000","203,176,000","282,627,000","251,988,000","246,615,000","187,496,000","290,629,000","281,335,000","267,833,000","207,248,000","277,539,000","268,153,000","229,175,000","232,257,000","222,269,000","257,944,000","214,965,000","211,132,000","216,416,000","244,683,000","286,464,000","369,657,000","556,766,000","355,406,000","262,735,000","231,078,000","226,673,000","195,929,000","216,390,000","213,590,000","234,078,000","205,480,000","249,147,000","229,293,000","236,600,000","208,392,000","182,295,000","147,711,000","186,224,000","152,214,000","194,205,000","142,271,000","191,512,000","194,601,000","213,459,000","153,315,000","202,511,000","208,317,000","248,956,000","168,480,000","168,023,000","137,010,000","197,690,000","124,597,000","175,245,000","167,821,000","148,432,000","89,857,000","90,218,000","121,930,000","172,768,000","222,267,000","243,858,000","218,309,000","135,048,000","96,266,000","94,809,000","85,911,000","73,409,000","80,735,000","74,071,000","77,870,000","60,912,000","63,802,000","65,985,000","72,704,000","72,248,000","68,549,000","67,375,000","72,004,000","79,528,000",,,,,,,,,,,,,,,,,,,,,,,,,
				GrossAccountsReceivable,,,,"276,267,000",,,,"338,335,000",,,,"375,314,000",,,,"247,115,000",,,,"310,799,000",,,,"249,968,000",,,,"271,188,000",,,,"232,600,000",,,,"218,411,000",,,,"290,043,000",,,,,,,,,,,,,,,,,,,,,,,,,,,,,,,,,,,,,,,,,,,,,,,,,,,,,,,,,,,,,,,,,,,,,,,,,,,,,,,,,,,,,
				AllowanceForDoubtfulAccountsReceivable,,,,"-3,239,000",,,,"-3,170,000",,,,"-3,170,000",,,,"-3,200,000",,,,"-3,341,000",,,,"-3,353,000",,,,"-3,355,000",,,,"-3,425,000",,,,"-3,446,000",,,,"-3,579,000",,,,,,,,,,,,,,,,,,,,,,,,,,,,,,,,,,,,,,,,,,,,,,,,,,,,,,,,,,,,,,,,,,,,,,,,,,,,,,,,,,,,,
			OtherReceivables,,,,,,,,,,,,,,,,,,,,,,,,,,,,,,,,,,,,,,,,,,,,,,,,,,,,"7,789,000",,,,"37,459,000",,,,"38,853,000",,,,,,,,,,,,,,,,,,,,,,,,,,,,,,,,,,,,,,,,,,,,,,,,,,,,,,,,,,,,,,,,,
		Inventory,"300,107,000","282,048,000","292,213,000","304,340,000","328,209,000","335,258,000","336,758,000","315,358,000","283,329,000","243,642,000","247,001,000","236,077,000","226,533,000","215,397,000","215,210,000","227,033,000","205,927,000","196,922,000","195,282,000","178,550,000","195,969,000","212,973,000","222,013,000","231,328,000","246,664,000","262,669,000","256,791,000","233,999,000","206,728,000","183,708,000","186,800,000","201,250,000","225,985,000","204,067,000","193,316,000","204,866,000","245,476,000","247,652,000","250,158,000","264,745,000","242,532,000","170,180,000","151,630,000","130,628,000","128,935,000","100,957,000","101,166,000","119,832,000","149,421,000","141,704,000","140,372,000","130,250,000","132,054,000","128,954,000","145,623,000","174,572,000","185,232,000","198,958,000","194,640,000","201,029,000","211,882,000","199,667,000","181,996,000","185,722,000","216,729,000","188,412,000","142,832,000","102,454,000","92,482,000","109,937,000","115,338,000","111,504,000","137,161,000","128,173,000","94,871,000","79,289,000","146,719,000","182,571,000","320,792,000","342,453,000","267,915,000","190,097,000","160,187,000","131,307,000","97,580,000","82,909,000","66,081,000","52,036,000","48,704,000","58,709,000","56,458,000","55,289,000","54,605,000","54,313,000","51,232,000","62,367,000","70,181,000","63,407,000","49,324,000","39,238,000","28,700,000","24,300,000","23,800,000","25,600,000","26,800,000","29,200,000","31,700,000","26,600,000","23,500,000","19,200,000","16,200,000","13,100,000","17,100,000","17,500,000","10,600,000","9,700,000","8,000,000","6,200,000","8,300,000","9,000,000","8,000,000","5,800,000","5,800,000","3,900,000","5,300,000"
			RawMaterials,"27,549,000","28,237,000","33,968,000","35,562,000","34,518,000","42,186,000","40,593,000","39,727,000","30,777,000","21,296,000","17,405,000","14,674,000","16,807,000","16,699,000","14,208,000","14,517,000","15,354,000","14,220,000","15,737,000","15,346,000","13,707,000","12,014,000","16,013,000","14,174,000","14,094,000","15,752,000","17,039,000","15,306,000","16,659,000","12,851,000","11,434,000","12,484,000","15,174,000","14,558,000","12,826,000","11,707,000","14,814,000","16,971,000","17,046,000","15,465,000","19,815,000","17,992,000","18,754,000","13,257,000","8,413,000","8,170,000","11,545,000","10,024,000","15,364,000","14,396,000","14,349,000","13,771,000","13,958,000","16,740,000","21,545,000","28,138,000","30,180,000","30,106,000","21,299,000","10,390,000","8,456,000","9,732,000","59,955,000","8,589,000","8,791,000","9,346,000","10,013,000","8,651,000","6,195,000","5,650,000","6,818,000","7,339,000","2,288,000","11,029,000","10,435,000","10,962,000","24,535,000","25,598,000","27,807,000","26,245,000","23,198,000","11,252,000","6,126,000","6,602,000","6,675,000","7,258,000","5,965,000","5,139,000","3,113,000","4,242,000","4,095,000","5,976,000","5,880,000","5,915,000","5,668,000","4,477,000","4,929,000","5,241,000","6,342,000","5,886,000",,,,,,,,,,,,,,,,,,,,,,,,,
			WorkInProcess,"206,607,000","179,529,000","188,322,000","204,501,000","232,075,000","244,757,000","233,149,000","213,784,000","197,791,000","175,213,000","169,926,000","167,039,000","164,609,000","152,252,000","152,820,000","161,120,000","147,650,000","149,761,000","143,805,000","123,675,000","141,529,000","163,090,000","179,261,000","183,472,000","198,270,000","208,407,000","206,897,000","192,067,000","164,335,000","148,506,000","155,699,000","165,034,000","189,516,000","166,669,000","159,247,000","164,438,000","200,314,000","200,140,000","199,412,000","214,023,000","181,243,000","116,118,000","104,272,000","85,990,000","85,589,000","67,374,000","61,447,000","79,426,000","99,906,000","89,771,000","86,471,000","76,870,000","81,125,000","81,460,000","89,136,000","109,653,000","110,324,000","119,547,000","125,376,000","137,939,000","135,405,000","143,117,000","122,041,000","122,788,000","156,380,000","119,544,000","78,625,000","54,633,000","48,999,000","55,404,000","69,005,000","65,852,000","91,273,000","78,801,000","57,192,000","46,837,000","78,778,000","118,419,000","232,329,000","249,348,000","176,193,000","120,488,000","107,697,000","78,697,000","55,953,000","49,846,000","37,245,000","27,824,000","24,994,000","27,067,000","25,411,000","24,845,000","25,713,000","23,754,000","22,479,000","43,553,000","50,581,000","41,447,000","29,337,000","21,927,000",,,,,,,,,,,,,,,,,,,,,,,,,
			FinishedGoods,"65,951,000","74,282,000","69,923,000","64,277,000","61,616,000","48,315,000","63,016,000","61,847,000","54,761,000","47,133,000","59,670,000","54,364,000","45,117,000","46,446,000","48,182,000","51,396,000","42,923,000","32,941,000","35,740,000","39,529,000","40,733,000","37,869,000","26,739,000","33,682,000","34,300,000","38,510,000","32,855,000","26,626,000","25,734,000","22,351,000","19,667,000","23,732,000","21,295,000","22,840,000","21,243,000","28,721,000","30,348,000","30,541,000","33,700,000","35,257,000","41,474,000","36,070,000","28,604,000","31,381,000","34,933,000","25,413,000","28,174,000","30,382,000","34,151,000","37,537,000","39,552,000","39,609,000","36,971,000","30,754,000","34,942,000","36,781,000","44,728,000","49,305,000","47,965,000","52,700,000","68,021,000","46,818,000",,"54,345,000","51,558,000","59,522,000","54,194,000","39,170,000","37,288,000","48,883,000","39,515,000","38,313,000","43,600,000","38,343,000","27,244,000","21,490,000","43,406,000","38,554,000","60,656,000","66,860,000","68,524,000","58,357,000","46,364,000","46,008,000","34,952,000","25,805,000","22,871,000","19,073,000","20,597,000","27,400,000","26,952,000","24,468,000","23,012,000","24,644,000","23,085,000","14,337,000","14,671,000","16,719,000","13,645,000","11,425,000",,,,,,,,,,,,,,,,,,,,,,,,,
		PrepaidAssets,"73,112,000","73,034,000","67,935,000","64,557,000","121,099,000","71,400,000","63,718,000","65,771,000","60,004,000","68,098,000","57,448,000","88,695,000","81,310,000","109,758,000","96,879,000","87,711,000","115,138,000","104,686,000","91,426,000","95,226,000","115,786,000","89,483,000","82,584,000","74,528,000","79,349,000","81,288,000","68,041,000","51,828,000","74,365,000","73,756,000","55,751,000","91,760,000","59,151,000","54,427,000","47,601,000","48,029,000","57,367,000","58,061,000","65,043,000","57,100,000","53,703,000","112,145,000","69,396,000","25,972,000","25,238,000","25,257,000","51,038,000","27,604,000","30,223,000","60,065,000","52,072,000","16,079,000","81,587,000","99,056,000","110,964,000","19,177,000","117,687,000","126,248,000","143,733,000","14,484,000","128,703,000",,"81,049,000","80,283,000","73,498,000","52,442,000","58,763,000","60,796,000","51,058,000","47,115,000","57,258,000","40,346,000","41,236,000","96,815,000","136,302,000","119,289,000",,,,,,,,,,,,,,,,,,,,,,,,,,,,,,,,,,,,,,,,,,,,,,,,,
		CurrentDeferredAssets,,,,,,,,,,,,,,,,,,,,"0","96,827,000","100,294,000","90,716,000","79,519,000","80,864,000","73,545,000","77,325,000","56,166,000","2,066,000","2,138,000","2,100,000","60,709,000","59,547,000","62,838,000","60,192,000","64,822,000","77,948,000","84,584,000","87,770,000","88,064,000","99,998,000","98,158,000","102,075,000","101,126,000","83,482,000","73,935,000","60,510,000","63,709,000","71,104,000","85,831,000","95,861,000","106,842,000","84,088,000","86,240,000","91,590,000","100,344,000","116,450,000","116,510,000","111,225,000","110,928,000","74,493,000","186,727,000","68,224,000","125,342,000","60,247,000","74,418,000","86,956,000","90,386,000","144,065,000","145,262,000","149,825,000","150,147,000","121,752,000","131,595,000","141,451,000","142,026,000","152,046,000","187,436,000","139,744,000","151,530,000","85,801,000","93,610,000","77,900,000","91,282,000","124,184,000","119,853,000","85,459,000","54,911,000","64,215,000","58,442,000","54,190,000","38,694,000","48,755,000","44,641,000","43,581,000","36,420,000","35,059,000","36,949,000","30,175,000","32,945,000",,,,,,,,,,,,,,,,,,,,,,,,,
			CurrentDeferredTaxesAssets,,,,,,,,,,,,,,,,,,,,"0","96,827,000","100,294,000","90,716,000","79,519,000","80,864,000","73,545,000","77,325,000","56,166,000","2,066,000","2,138,000","2,100,000","60,709,000","59,547,000","62,838,000","60,192,000","64,822,000","77,948,000","84,584,000","87,770,000","88,064,000","99,998,000","98,158,000","102,075,000","101,126,000","83,482,000","73,935,000","60,510,000","63,709,000","71,104,000","85,831,000","95,861,000","106,842,000","84,088,000","86,240,000","91,590,000","100,344,000","116,450,000","116,510,000","111,225,000","110,928,000","74,493,000","186,727,000","68,224,000","125,342,000","60,247,000","74,418,000","86,956,000","90,386,000","144,065,000","145,262,000","149,825,000","150,147,000","121,752,000","131,595,000","141,451,000","142,026,000","152,046,000","187,436,000","139,744,000","151,530,000","85,801,000","93,610,000","77,900,000","91,282,000","124,184,000","119,853,000","85,459,000","54,911,000","64,215,000","58,442,000","54,190,000","38,694,000","48,755,000","44,641,000","43,581,000","36,420,000","35,059,000","36,949,000","30,175,000","32,945,000",,,,,,,,,,,,,,,,,,,,,,,,,
		OtherCurrentAssets,"73,112,000","73,034,000","67,935,000","64,557,000",,"71,400,000","63,718,000","65,771,000","60,004,000","68,098,000","57,448,000",,"81,310,000","109,758,000","96,879,000","87,711,000","115,138,000","104,686,000","91,426,000",,,,,,,,,,,,"268,153,000","229,175,000","232,257,000","1,706,457,000","1,743,127,000",,"1,760,631,000","1,807,545,000","1,973,386,000",,"1,764,765,000","1,406,664,000","1,543,665,000",,"1,489,993,000","1,517,610,000","1,424,547,000",,,,,"13,654,000",,,,"48,340,000",,,,"66,547,000","32,685,000",,"99,012,000",,,,,,,,,,,,,,"53,557,000","62,054,000","65,464,000","64,344,000","43,921,000","48,643,000","56,004,000","75,538,000","41,854,000","55,649,000","63,209,000","74,881,000","46,443,000","49,979,000","70,836,000","83,142,000","55,000,000","37,000,000","18,000,000","4,673,000",,,"2,404,000","9,034,000","312,800,000","101,600,000","91,300,000","130,000,000","104,100,000","67,900,000","55,100,000","84,400,000","83,200,000","74,500,000","70,100,000","66,600,000","49,500,000","59,200,000","58,100,000","67,300,000","53,200,000","56,000,000","56,700,000","52,400,000","3,400,000","1,900,000","1,100,000","1,200,000","300,000"
	TotalNonCurrentAssets,"1,781,716,000","1,762,416,000","1,780,100,000","1,784,193,000","1,823,201,000","1,761,898,000","1,378,330,000","1,259,370,000","1,182,412,000","1,182,253,000","929,647,000","911,201,000","921,736,000","858,620,000","859,154,000","860,416,000","920,236,000","926,526,000","904,775,000","904,221,000","889,863,000","909,189,000","935,823,000","963,014,000","1,400,064,000","1,713,325,000","1,885,520,000","1,970,202,000","2,053,975,000","2,198,846,000","2,406,339,000","2,431,812,000","2,349,336,000","2,298,576,000","2,191,051,000","2,013,813,000","1,992,546,000","1,853,541,000","1,710,132,000","1,518,064,000","1,327,778,000","1,371,938,000","1,250,832,000","1,277,252,000","1,163,225,000","1,016,253,000","1,011,990,000","1,073,047,000","1,127,193,000","1,226,137,000","1,358,557,000","1,316,911,000","1,319,618,000","1,496,320,000","1,548,929,000","1,479,253,000","1,374,334,000","1,267,540,000","1,458,860,000","1,525,299,000","1,633,783,000","1,679,734,000","1,519,336,000","1,572,832,000","1,794,032,000","1,803,551,000","1,814,119,000","1,635,921,000","1,636,407,000","1,421,891,000","1,234,603,000","1,246,394,000","1,175,342,000","1,223,301,000","1,272,844,000","1,336,607,000","1,368,526,000","1,199,550,000","1,373,407,000","1,400,317,000","1,481,932,000","1,268,283,000","1,177,960,000","1,307,714,000","533,512,000","496,177,000","386,849,000","412,539,000","424,804,000","332,003,000","322,830,000","341,014,000","327,126,000","299,735,000","257,221,000","246,138,000","246,920,000","218,498,000","215,249,000","182,174,000","138,300,000","121,000,000","113,600,000","64,700,000","60,100,000","65,500,000","79,800,000","32,000,000","30,900,000","27,600,000","26,600,000","26,100,000","26,100,000","26,100,000","26,100,000","25,200,000","19,900,000","18,200,000","13,600,000","12,100,000","11,400,000","10,400,000","8,900,000","5,400,000","3,400,000"
		NetPPE,"351,513,000","357,480,000","361,528,000","430,393,000","378,242,000","362,160,000","350,555,000","328,929,000","317,260,000","312,810,000","312,084,000","304,117,000","303,984,000","304,118,000","303,210,000","303,825,000","301,504,000","292,488,000","292,358,000","283,346,000","280,241,000","287,377,000","294,487,000","301,038,000","337,914,000","345,485,000","350,736,000","355,089,000","354,800,000","357,420,000","362,956,000","365,687,000","373,369,000","382,206,000","388,721,000","394,982,000","390,014,000","384,893,000","380,661,000","380,570,000","376,764,000","374,384,000","371,954,000","365,878,000","367,514,000","371,689,000","379,612,000","387,907,000","394,973,000","397,350,000","398,882,000","404,430,000","412,068,000","414,827,000","416,189,000","413,036,000","367,748,000","359,736,000","358,531,000","358,257,000","349,895,000","348,797,000","346,129,000","344,516,000","340,519,000","338,841,000","339,254,000","335,114,000","368,048,000","372,745,000","377,698,000","382,983,000","391,112,000","447,687,000","447,466,000","449,770,000","434,350,000","434,879,000","438,381,000","417,176,000","385,184,000","364,865,000","252,339,000","240,374,000","198,197,000","145,144,000","132,866,000","101,705,000","95,432,000","92,692,000","89,062,000","88,279,000","83,231,000","83,715,000","85,446,000","86,580,000","88,495,000","89,524,000","87,506,000","82,638,000","70,400,000","57,700,000","51,400,000","39,200,000","30,400,000","27,700,000","25,100,000","23,800,000","22,200,000","21,600,000","20,600,000","20,500,000","19,600,000","18,400,000","18,000,000","16,800,000","14,900,000","13,100,000","12,100,000","10,600,000","9,600,000","8,600,000","7,100,000","5,200,000","3,000,000"
			GrossPPE,"1,008,277,000","999,411,000","993,031,000","1,047,134,000","983,830,000","960,101,000","937,467,000","902,993,000","880,281,000","867,175,000","871,411,000","855,023,000","862,147,000","855,019,000","846,192,000","839,458,000","836,481,000","834,312,000","826,213,000","810,582,000","797,866,000","809,662,000","806,728,000","804,623,000","831,505,000","825,653,000","817,844,000","810,030,000","802,093,000","801,655,000","794,549,000","784,796,000","794,089,000","798,801,000","794,389,000","788,422,000","784,461,000","772,928,000","758,706,000","747,941,000","745,670,000","740,633,000","727,654,000","714,905,000","720,990,000","732,976,000","742,994,000","776,808,000","816,136,000","807,908,000","798,258,000","789,446,000","790,638,000","779,816,000","775,532,000","760,197,000","708,253,000","692,683,000","679,851,000","666,360,000","651,758,000","641,196,000","628,087,000","629,812,000","622,205,000","608,544,000","596,833,000","581,735,000","603,630,000","598,350,000","610,310,000","612,150,000","617,608,000","664,197,000","651,851,000","646,787,000","619,739,000","608,034,000","589,127,000","554,624,000","509,654,000","479,005,000","358,020,000","336,942,000","305,421,000","244,841,000","225,610,000","187,482,000","183,795,000","176,493,000","167,347,000","163,635,000","165,518,000","163,096,000","158,777,000","154,443,000","150,338,000","145,418,000","138,387,000","128,283,000","111,200,000","94,800,000","84,900,000","70,500,000","58,900,000","53,500,000","48,700,000","45,100,000","41,600,000","39,600,000","36,500,000","36,900,000","34,100,000","31,200,000","29,200,000","27,600,000","24,400,000","21,300,000","19,100,000","16,800,000","14,900,000","13,100,000","11,000,000","8,700,000","5,100,000"
				Properties,,,,"0",,,,"0",,,,"0",,,,"0",,,,"0",,,,"0",,,,"0",,,,"0",,,,"0",,,,"0",,,,"0",,,,"0",,,,"0",,,,"0",,,,"0",,,,"0",,,,"0","0",,,"0",,,,"0",,,,"0",,,,"0",,,,"0",,,,"0",,,,"0",,,,"0",,,,,,,,,,,,,,,,,,,,,,,,,
				LandAndImprovements,,,,"65,298,000",,,,"65,298,000",,,,"65,298,000",,,,"65,298,000",,,,"65,298,000",,,,"65,298,000",,,,"93,701,000",,,,"93,701,000",,,,"94,260,000",,,,"94,260,000",,,,"94,260,000",,,,"94,194,000",,,,"94,184,000",,,,"94,187,000",,,,"63,521,000",,,,"61,445,000",,,,"61,445,000",,,,"72,974,000",,,,"86,291,000",,,,"86,742,000",,,,"49,944,000",,,,"10,361,000",,,,"10,361,000",,,,"3,111,000",,,,"2,426,000",,,,,,,,,,,,,,,,,,,,,,,,,
				BuildingsAndImprovements,,,,"376,879,000",,,,"353,914,000",,,,"343,373,000",,,,"339,923,000",,,,"310,795,000",,,,"312,610,000",,,,"311,411,000",,,,"303,958,000",,,,"314,455,000",,,,"301,642,000",,,,"300,393,000",,,,"298,543,000",,,,"288,338,000",,,,"281,334,000",,,,"246,550,000",,,,"237,775,000",,,,"226,833,000","32,047,000",,,"247,452,000",,,,"289,919,000",,,,"218,234,000",,,,"98,674,000",,,,"36,941,000",,,,"27,414,000",,,,"26,840,000",,,,"18,029,000",,,,,,,,,,,,,,,,,,,,,,,,,
				MachineryFurnitureEquipment,,,,"547,138,000",,,,"483,781,000",,,,"446,352,000",,,,"434,237,000",,,,"434,489,000",,,,"426,715,000",,,,"404,918,000",,,,"387,137,000",,,,"379,707,000",,,,"352,039,000",,,,"320,252,000",,,,"384,071,000",,,,"406,924,000",,,,"384,676,000",,,,"356,289,000",,,,"330,592,000",,,,"293,457,000",,,,"291,724,000",,,,"270,577,000",,,,"249,648,000",,,,"188,324,000",,,,"129,104,000",,,,"125,857,000",,,,"124,492,000",,,,"102,920,000",,,,,,,,,,,,,,,,,,,,,,,,,
				OtherProperties,,,,"57,819,000",,,,,,,,,,,,,,,,,,,,,,,,,,,,,,,,,,,,,,,,,,,,,,,,,,,,,,,,,,,,,,,,,"571,583,000",,,,,,,,,,,,,,,,,,,,,,,"3,000",,,,,,,,,,,,,,,,,,,,,,,,,,,,,,,,,
				ConstructionInProgress,,,,,,,,,,,,,,,,,,,,,,,,,,,,,,,,,,,,,,,,,,,,,,,,,,,,,,,,,,,,,,,,,,,,,,,,,,,,,,,,,,,,,,,,"11,076,000",,,,,,,,,,,,"4,908,000",,,,,,,,,,,,,,,,,,,,,,,,,
			AccumulatedDepreciation,"-656,764,000","-641,931,000","-631,503,000","-616,741,000","-605,588,000","-597,941,000","-586,912,000","-574,064,000","-563,021,000","-554,365,000","-559,327,000","-550,906,000","-558,163,000","-550,901,000","-542,982,000","-535,633,000","-534,977,000","-541,824,000","-533,855,000","-527,236,000","-517,625,000","-522,285,000","-512,241,000","-503,585,000","-493,591,000","-480,168,000","-467,108,000","-454,941,000","-447,293,000","-444,235,000","-431,593,000","-419,109,000","-420,720,000","-416,595,000","-405,668,000","-393,440,000","-394,447,000","-388,035,000","-378,045,000","-367,371,000","-368,906,000","-366,249,000","-355,700,000","-349,027,000","-353,476,000","-361,287,000","-363,382,000","-388,901,000","-421,163,000","-410,558,000","-399,376,000","-385,016,000","-378,570,000","-364,989,000","-359,343,000","-347,161,000","-340,505,000","-332,947,000","-321,320,000","-308,103,000","-301,863,000","-292,399,000","-281,958,000","-285,296,000","-281,686,000","-269,703,000","-257,579,000","-246,621,000","-235,582,000","-225,605,000","-232,612,000","-229,167,000","-226,496,000","-216,510,000","-204,385,000","-197,017,000","-185,389,000","-173,155,000","-150,746,000","-137,448,000","-124,470,000","-114,140,000","-105,681,000","-96,568,000","-107,224,000","-99,697,000","-92,744,000","-85,777,000","-88,363,000","-83,801,000","-78,285,000","-75,356,000","-82,287,000","-79,381,000","-73,331,000","-67,863,000","-61,843,000","-55,894,000","-50,881,000","-45,645,000","-40,800,000","-37,100,000","-33,500,000","-31,300,000","-28,500,000","-25,800,000","-23,600,000","-21,300,000","-19,400,000","-18,000,000","-15,900,000","-16,400,000","-14,500,000","-12,800,000","-11,200,000","-10,800,000","-9,500,000","-8,200,000","-7,000,000","-6,200,000","-5,300,000","-4,500,000","-3,900,000","-3,500,000","-2,100,000"
		GoodwillAndOtherIntangibleAssets,"802,908,000","800,640,000","809,981,000","940,979,000","829,637,000","840,909,000","449,493,000","421,441,000","423,251,000","426,911,000","166,184,000","166,544,000","167,129,000","163,648,000","164,158,000","164,863,000","166,046,000","167,410,000","164,254,000","165,498,000","166,742,000","168,510,000","170,279,000","172,048,000","180,996,000","183,366,000","185,745,000","188,163,000","190,625,000","190,209,000","192,626,000","195,044,000","197,531,000","200,086,000","183,722,000","185,870,000","188,015,000","189,989,000","190,842,000","160,476,000","117,955,000","117,955,000","117,955,000","117,955,000","117,955,000","117,955,000","117,955,000","120,448,000","121,454,000","122,929,000","124,354,000","125,780,000","127,205,000","128,788,000","130,684,000","132,581,000","141,464,000","143,511,000","145,694,000","147,735,000","133,739,000","135,285,000","137,619,000","139,419,000","140,370,000","142,553,000","144,324,000","128,440,000","110,541,000","112,268,000","115,841,000","119,414,000","122,986,000","126,621,000","130,426,000","134,674,000",,,,,,,,,,,,,,,,,,,,,,,,,,,,,,,,,,"6,100,000","6,000,000","5,600,000","6,500,000",,"8,100,000","8,400,000","5,000,000","5,200,000","1,500,000","1,500,000","1,800,000","1,800,000","1,800,000","300,000",
			Goodwill,"620,697,000","619,413,000","619,196,000","619,196,000","619,196,000","620,852,000","354,248,000","340,718,000","340,719,000","342,456,000","162,421,000","162,421,000","162,421,000","161,287,000","161,287,000","161,287,000","161,287,000","161,287,000","159,296,000","159,296,000","159,296,000","159,296,000","159,296,000","159,296,000","159,296,000","159,296,000","159,296,000","159,296,000","159,296,000","158,990,000","158,990,000","158,990,000","158,990,000","158,990,000","149,538,000","149,538,000","149,701,000","149,693,000","148,564,000","133,580,000","117,955,000","117,955,000","117,955,000","117,955,000","117,955,000","117,955,000","117,955,000","117,955,000","117,955,000","117,955,000","117,955,000","117,955,000","117,955,000","117,955,000","117,955,000","117,955,000","124,898,000","124,939,000","125,084,000","125,084,000",,,,,,,,,,,,,"100,724,000",,,,,,,,,,,,,,,,,,,,,,,,,,,,,,,,,,,,,,,,,,,,,,,,,,,,
			OtherIntangibleAssets,"182,211,000","181,227,000","190,785,000","321,783,000","210,441,000","220,057,000","95,245,000","80,723,000","82,532,000","84,455,000","3,763,000","4,123,000","4,708,000","2,361,000","2,871,000","3,576,000","4,759,000","6,123,000","4,958,000","6,202,000","7,446,000","9,214,000","10,983,000","12,752,000","21,700,000","24,070,000","26,449,000","28,867,000","31,329,000","31,219,000","33,636,000","36,054,000","38,541,000","41,096,000","34,184,000","36,332,000","38,314,000","40,296,000","42,278,000","26,896,000",,,,,,,,"2,493,000","3,499,000","4,974,000","6,399,000","7,825,000","9,250,000","10,833,000","12,729,000","14,626,000","16,566,000","18,572,000","20,610,000","22,651,000","133,739,000","135,285,000","137,619,000","139,419,000","140,370,000","142,553,000","144,324,000","128,440,000","110,541,000","112,268,000","115,841,000","119,414,000","22,262,000","126,621,000","130,426,000","134,674,000",,,,,,,,,,,,,,,,,,,,,,,,,,,,,,,,,,"6,100,000","6,000,000","5,600,000","6,500,000",,"8,100,000","8,400,000","5,000,000","5,200,000","1,500,000","1,500,000","1,800,000","1,800,000","1,800,000","300,000",
		InvestmentsAndAdvances,,,,"101,026,000","0","0","54,849,000","53,433,000","83,803,000","91,627,000","91,700,000","97,896,000","102,375,000","99,862,000","106,862,000","116,288,000","183,082,000","198,545,000","209,015,000","220,807,000","224,614,000","235,922,000","248,431,000","266,902,000","654,013,000","950,827,000","1,109,645,000","1,190,775,000","1,287,392,000","1,436,781,000","1,634,031,000","1,651,033,000","1,560,132,000","1,497,394,000","1,399,684,000","1,209,228,000","1,190,812,000","1,048,492,000","899,570,000","766,452,000","660,167,000","704,586,000","580,386,000","635,458,000","503,106,000","352,375,000","350,053,000","388,340,000",,,,,,,,,,,,,,,,,,,,,,,,,,,,,,,,,,,,,,,,,,,,,,,,,,,,,,,,,,,,,,,,,,,,,,,,,,,,,
			InvestmentinFinancialAssets,,,,"101,026,000",,,,,,,,,,,,,,,,,,,,,,,,,,,,,,,,,,,,,,,,,,,,,,,,,,,,,,,,,,,,,,,,,,,,,,,,,,,,,,,,,,,,,,,,,,,,,,,,,,,,,,,,,,,,,,,,,,,,,,,,,
				AvailableForSaleSecurities,,,,"101,026,000",,,,,,,,,,,,,,,,,,,,,,,,,,,,,,,,,,,,,,,,,,,,,,,,,,,,,,,,,,,,,,,,,,,,,,,,,,,,,,,,,,,,,,,,,,,,,,,,,,,,,,,,,,,,,,,,,,,,,,,,,
			OtherInvestments,,,,"0",,,,,,,,,,,,,,,,,,,,,,,,,,,,,,,,,,,,,,,,,,,,,,,,,,,,,,,,,,,,,,,,,,,,,,,,,,,,,,,,,,,,,,,,,,,,,,,,,,,,,,,,,,,,,,,,,,,,,,,,,
		NonCurrentDeferredAssets,,,,"149,415,000",,,,"126,702,000",,,,,,,,,,,,,,,,,,,,,,,,,,,,,,,,,,,,"95,737,000",,,,"98,670,000",,,,"66,072,000",,,,"57,802,000",,,,,,,,,,,,,,,,,,,,,,,,,,,,,,,,,,,,,,,,,,,,,,,,,,,,,,,,,,,,,,,,,,,,,
			NonCurrentDeferredTaxesAssets,,,,"149,415,000",,,,"126,702,000",,,,,,,,,,,,,,,,,,,,,,,,,,,,,,,,,,,,"63,691,000",,,,"77,387,000",,,,"66,072,000",,,,"57,802,000",,,,,,,,,,,,,,,,,,,,,,,,,,,,,,,,,,,,,,,,,,,,,,,,,,,,,,,,,,,,,,,,,,,,,
		NonCurrentPrepaidAssets,,,,,,,,,,,,,,,,,,,,,,,,,,,,,,,,,,,,,,,,,,,,,,,,"2,556,000",,,,,,,,,,,,,,,,,,,,,,,,,,,,,,,,,,,,,,,,,,,,,,,,,,,,,,,,,,,,,,,,,,,,,,,,,,,,,
		DefinedPensionBenefit,,,,"111,092,000",,,,"109,271,000",,,,,,,,,,,,,,,,,,,,,,,,,,,,,,,,,,,,,,,,,,,,,,,,,,,,,,,,,,,,,,,,,,,,,,,,,,,,,,,,,,,,,,,,,,,,,,,,,,,,,,,,,,,,,,,,,,,,,
		OtherNonCurrentAssets,"627,295,000","604,296,000","608,591,000","51,288,000","615,322,000","558,829,000","523,433,000","219,594,000","358,098,000","350,905,000","359,679,000","342,644,000","348,248,000","290,992,000","284,924,000","275,440,000","269,604,000","268,083,000","239,148,000","234,570,000","218,266,000","217,380,000","222,626,000","223,026,000","227,141,000","233,647,000","239,394,000","236,175,000","221,158,000","214,436,000","216,726,000","220,048,000","218,304,000","218,890,000","218,924,000","223,733,000","223,705,000","230,167,000","239,059,000","210,566,000","172,892,000","175,013,000","180,537,000","62,224,000","174,650,000","174,234,000","164,370,000","75,126,000","610,766,000","705,858,000","835,321,000","720,629,000","780,345,000","952,705,000","1,002,056,000","875,834,000","865,122,000","764,293,000","954,635,000","1,019,307,000","1,150,149,000","1,195,652,000","1,035,588,000","1,088,897,000","1,313,143,000","1,322,157,000","1,330,541,000","1,172,367,000","1,157,818,000","936,878,000","741,064,000","743,997,000","661,244,000","648,993,000","694,952,000","752,163,000","934,176,000","764,671,000","935,026,000","983,141,000","1,096,748,000","903,418,000","925,621,000","1,067,340,000","335,315,000","351,033,000","253,983,000","310,834,000","329,372,000","239,311,000","233,768,000","252,735,000","243,895,000","216,020,000","171,775,000","159,558,000","158,425,000","128,974,000","127,743,000","99,536,000","67,900,000","63,300,000","62,200,000","25,500,000","29,700,000","37,800,000","54,700,000","8,200,000","8,700,000","-100,000",,,,"7,700,000",,,,"-100,000",,,,,,"-100,000","400,000"
TotalLiabilitiesNetMinorityInterest,"3,150,074,000","3,123,094,000","3,125,110,000","2,378,285,000","2,310,060,000","2,323,993,000","2,355,314,000","2,289,839,000","2,717,569,000","2,702,650,000","2,736,554,000","2,725,452,000","2,754,985,000","2,544,767,000","2,548,795,000","2,231,493,000","2,352,080,000","2,313,205,000","2,326,672,000","2,220,367,000","2,292,796,000","2,268,681,000","2,267,736,000","2,262,524,000","2,215,015,000","2,273,868,000","2,224,619,000","2,249,668,000","1,724,830,000","1,768,176,000","1,671,071,000","1,766,155,000","1,796,782,000","1,796,943,000","1,789,151,000","1,756,437,000","1,784,124,000","1,775,385,000","1,831,104,000","1,726,233,000","1,684,827,000","1,688,620,000","1,605,881,000","1,063,848,000","1,088,043,000","994,547,000","933,102,000","1,087,615,000","1,212,978,000","1,488,934,000","1,481,464,000","1,465,284,000","1,478,028,000","1,426,402,000","1,411,533,000","1,406,615,000","431,253,000","436,171,000","414,557,000","444,662,000","419,944,000","401,783,000","384,680,000","365,688,000","384,685,000","428,827,000","452,063,000","454,411,000","559,633,000","500,579,000","495,426,000","470,937,000","389,920,000","448,056,000","468,733,000","431,620,000","367,340,000","328,093,000","406,550,000","583,880,000","595,077,000","590,336,000","581,042,000","571,984,000","196,866,000","259,569,000","231,294,000","190,930,000","412,805,000","408,905,000","400,853,000","391,063,000","382,592,000","374,226,000","376,975,000","357,013,000","350,680,000","370,546,000","356,982,000","352,636,000","342,200,000","92,600,000","87,400,000","76,900,000","57,700,000","48,800,000","51,000,000","53,300,000","45,300,000","45,200,000","47,600,000","39,600,000","38,200,000","44,300,000","46,100,000","37,900,000","34,600,000","30,100,000","33,500,000","28,300,000","24,600,000","18,400,000","19,900,000","11,800,000","9,100,000"
	CurrentLiabilities,"1,114,092,000","1,090,571,000","1,047,236,000","1,085,681,000","515,880,000","505,828,000","497,110,000","475,036,000","952,869,000","931,538,000","942,599,000","937,203,000","462,395,000","423,221,000","439,833,000","897,196,000","1,010,042,000","997,819,000","1,051,364,000","946,086,000","932,909,000","950,342,000","957,163,000","963,206,000","913,015,000","970,649,000","933,848,000","989,360,000","1,432,077,000","1,482,170,000","1,402,476,000","386,788,000","335,542,000","342,656,000","360,160,000","342,776,000","382,437,000","367,449,000","434,126,000","368,140,000","375,019,000","390,834,000","373,092,000","357,161,000","361,968,000","292,456,000","245,314,000","233,066,000","279,296,000","318,963,000","337,470,000","340,666,000","338,073,000","295,604,000","288,807,000","303,369,000","324,507,000","347,532,000","308,513,000","345,024,000","376,908,000","334,515,000","332,548,000","298,394,000","359,111,000","358,556,000","391,007,000","381,130,000","359,111,000","340,464,000","360,350,000","313,834,000","228,107,000","269,177,000","258,522,000","195,840,000","193,387,000","182,787,000","195,674,000","350,410,000","360,437,000","345,579,000","316,102,000","244,712,000","172,910,000","190,453,000","193,879,000","167,197,000","138,796,000","141,522,000","133,051,000","125,657,000","121,364,000","113,473,000","115,032,000","97,253,000","100,680,000","120,546,000","106,982,000","102,636,000","92,000,000","92,100,000","86,700,000","76,100,000","56,600,000","47,200,000","49,100,000","51,100,000","42,700,000","42,400,000","44,400,000","35,700,000","33,900,000","39,500,000","40,900,000","33,000,000","29,800,000","26,300,000","29,400,000","24,500,000","20,700,000","14,300,000","17,200,000","9,800,000","7,300,000"
		PayablesAndAccruedExpenses,"614,227,000","590,909,000","547,775,000","354,179,000","515,880,000","505,828,000","497,110,000","235,818,000","453,018,000","431,909,000","443,192,000","214,101,000","429,421,000","372,255,000","396,083,000","216,490,000","361,624,000","348,748,000","391,286,000","157,802,000","301,550,000","287,055,000","322,616,000","162,287,000","288,239,000","339,272,000","296,826,000","218,826,000","309,009,000","357,060,000","271,360,000","216,051,000","285,525,000","170,649,000","189,618,000","198,375,000","203,649,000","178,374,000","215,702,000","142,795,000","175,410,000","297,226,000","298,885,000","239,998,000","284,573,000","216,701,000","195,582,000","170,702,000","204,974,000","215,650,000","230,894,000","189,730,000","218,384,000","193,661,000","190,627,000","154,200,000","181,681,000","182,178,000","187,228,000","157,090,000","199,677,000","202,494,000","175,781,000","150,048,000","179,814,000","153,132,000","189,784,000","169,721,000","138,195,000","116,294,000","125,219,000","107,805,000","101,164,000","126,538,000","138,842,000","54,279,000","84,714,000","77,595,000","101,034,000","133,450,000","186,585,000","158,573,000","126,759,000","86,157,000","82,651,000","68,947,000","71,891,000","43,549,000","47,162,000","55,001,000","47,106,000","47,668,000","49,252,000","58,752,000","51,395,000","44,676,000","71,333,000","80,850,000","72,101,000","58,907,000","58,600,000","60,200,000","54,600,000","22,500,000","34,600,000","26,200,000","30,800,000","10,800,000","23,700,000","22,900,000","27,000,000","6,200,000","19,900,000",,,"6,800,000","18,300,000","15,600,000","18,900,000","5,300,000","11,500,000","8,200,000","11,800,000","4,300,000",
			Payables,"140,119,000","144,407,000","156,764,000","138,348,000","126,913,000","124,281,000","170,818,000","146,209,000","153,755,000","138,534,000","187,894,000","146,712,000","131,869,000","95,107,000","114,516,000","114,602,000","124,963,000","111,469,000","132,250,000","107,820,000","82,384,000","81,936,000","99,813,000","99,806,000","73,601,000","107,859,000","117,150,000","162,631,000","94,718,000","93,091,000","70,828,000","142,615,000","98,565,000","96,478,000","101,678,000","87,276,000","98,853,000","84,186,000","86,409,000","99,252,000","147,974,000","132,401,000","130,374,000","116,748,000","112,480,000","93,085,000","68,449,000","58,372,000","53,407,000","82,887,000","63,867,000","59,402,000","77,734,000","78,216,000","59,869,000","78,912,000","60,071,000","73,830,000","72,533,000","71,004,000","78,810,000","90,214,000","76,432,000","63,172,000","82,875,000","92,052,000","85,494,000","77,936,000","50,979,000","47,813,000","50,121,000","41,739,000","39,990,000","62,805,000","78,731,000","36,731,000","31,335,000","28,910,000","42,343,000","104,674,000","124,983,000","100,641,000","77,192,000","56,361,000","43,806,000","32,040,000","33,682,000","23,326,000","19,010,000","21,215,000","19,275,000","20,332,000","25,042,000","27,391,000","24,082,000","16,758,000","71,333,000","80,850,000","72,101,000","30,673,000","58,600,000","60,200,000","54,600,000","22,500,000","34,600,000","26,200,000","30,800,000","10,800,000","23,700,000","22,900,000","27,000,000","6,200,000","19,900,000",,,"6,800,000","18,300,000","15,600,000","18,900,000","5,300,000","11,500,000","8,200,000","11,800,000","4,300,000",
				AccountsPayable,"110,075,000","106,021,000","102,518,000","102,131,000","102,691,000","107,105,000","121,375,000","117,491,000","111,916,000","107,099,000","105,484,000","98,999,000","94,588,000","88,341,000","106,234,000","108,293,000","118,629,000","103,236,000","113,318,000","101,534,000","74,602,000","75,279,000","81,897,000","80,113,000","58,231,000","105,689,000","99,572,000","149,695,000","90,123,000","88,947,000","69,241,000","72,766,000","98,565,000","96,478,000","101,678,000","78,613,000","98,853,000","84,186,000","86,409,000","99,252,000","147,160,000","131,008,000","122,362,000","96,169,000","108,452,000","92,166,000","68,449,000","48,201,000","53,407,000","82,887,000","63,867,000","59,402,000","77,734,000","78,216,000","59,869,000","78,912,000","60,071,000","73,830,000","72,533,000","71,004,000","78,810,000","90,214,000","76,432,000","63,172,000","82,875,000","92,052,000","85,494,000","77,936,000","50,979,000","47,813,000","50,121,000","41,739,000","39,990,000","62,805,000","78,731,000","36,731,000","31,335,000","28,910,000","42,343,000","104,674,000","124,983,000","100,641,000","77,192,000","56,361,000","43,806,000","32,040,000","33,682,000","23,326,000","19,010,000","21,215,000","19,275,000","20,332,000","25,042,000","27,391,000","24,082,000","16,758,000","71,333,000","80,850,000","72,101,000","30,673,000","58,600,000","60,200,000","54,600,000","22,500,000","34,600,000","26,200,000","30,800,000","10,800,000","23,700,000","22,900,000","27,000,000","6,200,000","19,900,000",,,"6,800,000","18,300,000","15,600,000","18,900,000","5,300,000","11,500,000","8,200,000","11,800,000","4,300,000",
				TotalTaxPayable,"30,044,000","38,386,000","54,246,000","36,217,000","24,222,000","17,176,000","49,443,000","28,718,000","41,839,000","31,435,000","82,410,000","47,713,000","37,281,000","6,766,000","8,282,000","6,309,000","6,334,000","8,233,000","18,932,000","6,286,000","7,782,000","6,657,000","17,916,000","19,693,000","15,370,000","2,170,000","17,578,000","12,936,000","4,595,000","4,144,000","1,587,000","69,849,000",,,,"8,663,000",,,,"0","814,000","1,393,000","8,012,000","14,452,000","4,028,000","919,000","0","10,171,000",,,,,,,,,,,,,,,,,,,,,,,,,,,,,,,,,,,,,,,,,,,,,,,,,,,,,,,,,,,,,,,,,,,,,,,,,,,,,
					IncomeTaxPayable,"30,044,000","38,386,000","54,246,000","36,217,000","24,222,000","17,176,000","49,443,000","28,718,000","41,839,000","31,435,000","82,410,000","47,713,000","37,281,000","6,766,000","8,282,000","6,309,000","6,334,000","8,233,000","18,932,000","6,286,000","7,782,000","6,657,000","17,916,000","19,693,000","15,370,000","2,170,000","17,578,000","12,936,000","4,595,000","4,144,000","1,587,000","60,632,000",,,,,,,,,"814,000","1,393,000","8,012,000","14,452,000","4,028,000","919,000","0","10,171,000",,,,,,,,,,,,,,,,,,,,,,,,,,,,,,,,,,,,,,,,,,,,,,,,,,,,,,,,,,,,,,,,,,,,,,,,,,,,,
				OtherPayable,,,,,,,,,,,,,,,,,,,,,,,,,,,,,,,,,,,,,,,,,,,,"6,127,000",,,,,,,,,,,,,,,,,,,,,,,,,,,,,,,,,,,,,,,,,,,,,,,,,,,,,,,,,,,,,,,,,,,,,,,,,,,,,,,,,
			CurrentAccruedExpenses,"474,108,000","446,502,000","391,011,000","215,831,000","388,967,000","381,547,000","326,292,000","89,609,000","299,263,000","293,375,000","255,298,000","67,389,000","297,552,000","277,148,000","281,567,000","101,888,000","236,661,000","237,279,000","259,036,000","49,982,000","219,166,000","205,119,000","222,803,000","62,481,000","214,638,000","231,413,000","179,676,000","56,195,000","214,291,000","263,969,000","200,532,000","73,436,000","186,960,000","74,171,000","87,940,000","111,099,000","104,796,000","94,188,000","129,293,000","43,543,000","27,436,000","164,825,000","168,511,000","123,250,000","172,093,000","123,616,000","127,133,000","112,330,000","151,567,000","132,763,000","167,027,000","130,328,000","140,650,000","115,445,000","130,758,000","75,288,000","121,610,000","108,348,000","114,695,000","86,086,000","120,867,000","112,280,000","99,349,000","86,876,000","96,939,000","61,080,000","104,290,000","91,785,000","87,216,000","68,481,000","75,098,000","66,066,000","61,174,000","63,733,000","60,111,000","17,548,000","53,379,000","48,685,000","58,691,000","28,776,000","61,602,000","57,932,000","49,567,000","29,796,000","38,845,000","36,907,000","38,209,000","20,223,000","28,152,000","33,786,000","27,831,000","27,336,000","24,210,000","31,361,000","27,313,000","27,918,000",,,,"28,234,000",,,,,,,,,,,,,,,,,,,,,,,,,
				InterestPayable,,,,"9,480,000",,,,"16,583,000",,,,"14,169,000",,,,"4,492,000",,,,"5,591,000",,,,"5,432,000",,,,,,,,"5,757,000",,,,"5,757,000",,,,,,,,,,,,,,,,,,,,,,,,,,,,,,,,,,,,,,,,,,,,,,,,,,,,,,,,,,,,,,,,,,,,,,,,,,,,,,,,,,,,,,,,,
		PensionandOtherPostRetirementBenefitPlansCurrent,,,,"99,197,000",,,,"120,658,000",,,,"95,316,000",,,,"81,701,000",,,,"73,823,000",,,,"79,312,000",,,,"90,865,000",,,,"66,967,000",,"124,040,000","113,842,000","6,532,000","115,563,000","116,571,000","126,299,000","125,582,000","119,073,000",,,,,,,,,,,,,,,,,,,,,,,,,,,,,,,,,,,,,,,,,,,,,,,,,,,,,,,,,,,,,,,,,,,,,,,,,,,,,,,,,,,,
		CurrentDebtAndCapitalLeaseObligation,"499,865,000","499,662,000","499,461,000","510,369,000",,,,,"499,851,000","499,629,000","499,407,000","499,186,000",,,,"456,328,000","594,792,000","591,667,000","588,542,000","587,106,000","584,343,000","581,580,000","578,816,000","576,053,000","573,290,000","570,527,000","567,764,000","565,001,000","934,392,000","930,085,000","926,781,000",,,,,,,,,,,,,,,,,,,,,,,,,,,,,,,,,,,,,,,,,,,,,,,,,,,,,,,,,,,,,,,,,,,"508,000","703,000","986,000","1,000,000","1,100,000","1,300,000","21,800,000","1,400,000","1,300,000","1,300,000","1,400,000","1,500,000","1,500,000","1,600,000","1,800,000","1,900,000","2,000,000","2,000,000","2,100,000","2,000,000","1,900,000","1,900,000","1,700,000","1,700,000","1,700,000","1,400,000","1,100,000","1,000,000"
			CurrentDebt,"499,865,000","499,662,000","499,461,000","499,260,000",,,,,"499,851,000","499,629,000","499,407,000","499,186,000",,,,"456,328,000","594,792,000","591,667,000","588,542,000","587,106,000","584,343,000","581,580,000","578,816,000","576,053,000","573,290,000","570,527,000","567,764,000","565,001,000","934,392,000","930,085,000","926,781,000",,,,,,,,,,,,,,,,,,,,,,,,,,,,,,,,,,,,,,,,,,,,,,,,,,,,,,,,,,,,,,,,,,,"508,000","703,000","986,000","1,000,000","1,100,000","1,300,000","21,800,000","1,400,000","1,300,000","1,300,000","1,400,000","1,500,000","1,500,000","1,600,000","1,800,000","1,900,000","2,000,000","2,000,000","2,100,000","2,000,000","1,900,000","1,900,000","1,700,000","1,700,000","1,700,000","1,400,000","1,100,000","1,000,000"
				OtherCurrentBorrowings,,"499,662,000","499,461,000","499,260,000",,,,,"499,851,000","499,629,000","499,407,000","499,186,000",,,,"456,328,000","594,792,000","591,667,000","588,542,000","587,106,000","584,343,000","581,580,000","578,816,000","576,053,000","573,290,000","570,527,000","567,764,000","565,001,000","934,392,000","930,085,000","926,781,000",,,,,,,,,,,,,,,,,,,,,,,,,,,,,,,,,,,,,,,,,,,,,,,,,,,,,,,,,,,,,,,,,,,,,,,,,,,,,,,,,,,,,,,,,,,,,,
			CurrentCapitalLeaseObligation,,,,"11,109,000",,,,,,,,,,,,,,,,,,,,,,,,,,,,,,,,,,,,,,,,,,,,,,,,,,,,,,,,,,,,,,,,,,,,,,,,,,,,,,,,,,,,,,,,,,,,,,,,,,,,,,,,,,,,,,,,,,,,,,,,,
		CurrentDeferredLiabilities,,,,"121,936,000",,,,"118,560,000",,,,"128,600,000","32,974,000","50,966,000","43,750,000","142,677,000","53,626,000","57,404,000","71,536,000","125,938,000","47,016,000","81,707,000","55,731,000","136,234,000","51,486,000","60,850,000","69,258,000","114,668,000","188,676,000","195,025,000","204,335,000","103,770,000","50,017,000","47,967,000","56,700,000","112,139,000","63,225,000","72,504,000","92,125,000","99,763,000","80,536,000","93,608,000","74,207,000","117,163,000","77,395,000","75,755,000","49,732,000","62,364,000",,"94,141,000","99,789,000","111,678,000","105,645,000","101,943,000","98,180,000","89,052,000","96,144,000","109,775,000","103,141,000","126,558,000","111,717,000","109,817,000","110,799,000","102,511,000","102,469,000","126,733,000","135,569,000","150,979,000","128,154,000","110,808,000","114,878,000","120,831,000",,,,,"62,400,000","60,124,000","67,196,000",,,,,,,,,,,,,,,,,,,,,,,,,,,,,,,,,,,,,,,,,,,,,,
			CurrentDeferredTaxesLiabilities,,,,,,,,,,,,,,,,,,,,,,,,,,,,"0","140,601,000","126,211,000","146,397,000",,,,,,,,,,,,,,,,,,,,,,,,,,,,,,,,,,,,,,,,,,,,,,,,,,,,,,,,,,,,,,,,,,,,,,,,,,,,,,,,,,,,,,,,,,,,,,
			CurrentDeferredRevenue,,,,,,,,,,,,"25,166,000","32,974,000","50,966,000","43,750,000","54,567,000","53,626,000","57,404,000","71,536,000","51,758,000","47,016,000","81,707,000","55,731,000","66,071,000","51,486,000","60,850,000","69,258,000","55,099,000","48,075,000","68,814,000","57,938,000","53,358,000","50,017,000","47,967,000","56,700,000","67,002,000","63,225,000","72,504,000","92,125,000","99,763,000","80,536,000","93,608,000","74,207,000","80,132,000","77,395,000","75,755,000","49,732,000","62,364,000",,"94,141,000","99,789,000","111,678,000","105,645,000","101,943,000","98,180,000","89,052,000","96,144,000","109,775,000","103,141,000","126,558,000","111,717,000","109,817,000","110,799,000","102,511,000","102,469,000","126,733,000","135,569,000","150,979,000","128,154,000","110,808,000","114,878,000","120,831,000",,,,,"62,400,000","60,124,000","67,196,000",,,,,,,,,,,,,,,,,,,,,,,,,,,,,,,,,,,,,,,,,,,,,,
		OtherCurrentLiabilities,,,,,,,,,,,,,,,,,,,,"1,417,000",,,,"9,320,000",,,,,,,"1,131,116,000","53,358,000","50,017,000",,,"25,730,000",,,,,,,,,,,,,"74,322,000","9,172,000","6,787,000","39,258,000","14,044,000",,,"60,117,000","46,682,000","55,579,000","18,144,000","61,376,000","65,514,000","22,204,000","45,968,000","45,835,000","76,828,000","78,691,000","65,654,000","60,430,000","92,762,000","113,362,000","120,253,000","85,198,000","126,943,000","142,639,000","119,680,000","141,561,000","46,273,000","45,068,000","27,444,000","216,960,000","173,852,000","187,006,000","189,343,000","158,555,000","90,259,000","121,506,000","121,988,000","123,648,000","91,634,000","86,521,000","85,945,000","77,989,000","72,112,000","54,721,000","63,637,000","52,577,000","29,347,000","39,188,000","34,178,000","42,743,000","32,400,000","30,800,000","30,800,000","31,800,000","20,600,000","19,700,000","17,000,000","38,900,000","17,500,000","18,000,000","15,800,000","27,700,000","12,100,000","37,500,000","38,900,000","24,100,000","9,500,000","8,800,000","8,600,000","17,500,000","7,500,000","4,400,000","4,000,000","4,400,000","6,300,000"
	TotalNonCurrentLiabilitiesNetMinorityInterest,"2,035,982,000","2,032,523,000","2,077,874,000","1,292,604,000","1,794,180,000","1,818,165,000","1,858,204,000","1,814,803,000","1,764,700,000","1,771,112,000","1,793,955,000","1,788,249,000","2,292,590,000","2,121,546,000","2,108,962,000","1,334,297,000","1,342,038,000","1,315,386,000","1,275,308,000","1,274,281,000","1,359,887,000","1,318,339,000","1,310,573,000","1,299,318,000","1,302,000,000","1,303,219,000","1,290,771,000","1,260,308,000","292,753,000","286,006,000","268,595,000","1,379,367,000","1,461,240,000","1,454,287,000","1,428,991,000","1,413,661,000","1,401,687,000","1,407,936,000","1,396,978,000","1,358,093,000","1,309,808,000","1,297,786,000","1,232,789,000","706,687,000","726,075,000","702,091,000","687,788,000","854,549,000","933,682,000","1,169,971,000","1,143,994,000","1,124,618,000","1,139,955,000","1,130,798,000","1,122,726,000","1,103,246,000","106,746,000","88,639,000","106,044,000","99,638,000","43,036,000","67,268,000","52,132,000","67,294,000","25,574,000","70,271,000","61,056,000","73,281,000","200,522,000","160,115,000","135,076,000","157,103,000","161,813,000","178,879,000","210,211,000","235,780,000","173,953,000","145,306,000","210,876,000","233,470,000","234,640,000","244,757,000","264,940,000","327,272,000","23,956,000","69,116,000","37,415,000","23,733,000","274,009,000","267,383,000","267,802,000","265,406,000","261,228,000","260,753,000","261,943,000","259,760,000","250,000,000","250,000,000","250,000,000","250,000,000","250,200,000","500,000","700,000","800,000","1,100,000","1,600,000","1,900,000","2,200,000","2,600,000","2,800,000","3,200,000","3,900,000","4,300,000","4,800,000","5,200,000","4,900,000","4,800,000","3,800,000","4,100,000","3,800,000","3,900,000","4,100,000","2,700,000","2,000,000","1,800,000"
		LongTermDebtAndCapitalLeaseObligation,"1,492,377,000","1,492,066,000","1,491,752,000","747,110,000","1,246,000,000","1,245,631,000","1,245,263,000","1,234,807,000","1,221,438,000","1,201,884,000","1,207,387,000","1,214,440,000","1,730,211,000","1,738,666,000","1,737,410,000","995,247,000","994,842,000","994,439,000","994,039,000","995,835,000","995,584,000","995,333,000","995,086,000","994,839,000","994,595,000","994,352,000","994,110,000","993,870,000",,,,"922,666,000","918,883,000","915,109,000","911,135,000","906,569,000","903,059,000","899,803,000","894,478,000","890,980,000","887,197,000","884,390,000","849,505,000","354,798,000","354,460,000","353,471,000","352,333,000","690,125,000","760,107,000","999,563,000","999,552,000","999,851,000","999,810,000","999,119,000","998,798,000","999,597,000",,,,,,,,,,,,,,,,,,,,,,,,,,,,,,,,,"250,000,000","250,000,000","250,000,000","250,000,000","250,000,000","250,000,000","250,000,000","250,000,000","250,000,000","250,000,000","250,000,000","250,000,000","250,200,000",,,,,,,,"2,500,000","2,900,000","3,300,000",,"4,300,000","4,700,000","5,200,000","5,000,000","4,800,000","3,800,000","4,000,000","3,800,000","3,900,000","4,100,000","2,700,000",,
			LongTermDebt,"1,492,377,000","1,492,066,000","1,491,752,000","747,110,000","1,246,000,000","1,245,631,000","1,245,263,000","1,234,807,000","1,221,438,000","1,201,884,000","1,207,387,000","1,214,440,000","1,730,211,000","1,738,666,000","1,737,410,000","995,247,000","994,842,000","994,439,000","994,039,000","995,835,000","995,584,000","995,333,000","995,086,000","994,839,000","994,595,000","994,352,000","994,110,000","993,870,000",,,,"922,666,000","918,883,000","915,109,000","911,135,000","906,569,000","903,059,000","899,803,000","894,478,000","890,980,000","887,197,000","884,390,000","849,505,000","354,798,000","354,460,000","353,471,000","352,333,000","690,125,000","760,107,000","999,563,000","999,552,000","999,851,000","999,810,000","999,119,000","998,798,000","999,597,000",,,,,,,,,,,,,,,,,,,,,,,,,,,,,,,,,"250,000,000","250,000,000","250,000,000","250,000,000","250,000,000","250,000,000","250,000,000","250,000,000","250,000,000","250,000,000","250,000,000","250,000,000","250,200,000",,,,,,,,"2,500,000","2,900,000","3,300,000",,"4,300,000","4,700,000","5,200,000","5,000,000","4,800,000","3,800,000","4,000,000","3,800,000","3,900,000","4,100,000","2,700,000",,
		NonCurrentDeferredLiabilities,,,,,,,,,,,,"75,000","110,000","359,323,000","346,566,000","317,639,000","323,777,000","294,875,000","263,413,000","261,467,000","347,995,000","308,662,000","301,130,000","289,868,000","293,138,000","295,641,000","283,492,000","253,433,000","279,696,000","269,250,000","228,219,000","415,442,000","506,995,000","499,709,000","477,622,000","463,045,000","449,170,000","433,491,000","420,581,000","403,990,000","368,521,000","350,702,000","322,664,000","294,149,000","247,822,000","206,714,000","196,955,000","82,648,000","102,425,000","95,659,000","100,548,000","84,486,000","107,428,000","90,175,000","88,551,000","102,329,000","105,425,000","83,596,000","97,238,000","92,153,000",,,"52,132,000","67,294,000","25,574,000","70,271,000","61,056,000","73,281,000","200,522,000","160,115,000","135,076,000","157,103,000","161,813,000","178,879,000","210,211,000","235,780,000","173,953,000","145,306,000","210,876,000","233,470,000","234,640,000","244,757,000","264,940,000","327,272,000","23,956,000","22,796,000","23,895,000","23,733,000","24,009,000","17,383,000","17,802,000","15,406,000","11,228,000","10,753,000","11,943,000","9,760,000",,,,,,,,,,,,,,,,,,,,,,,,,,,,,
			NonCurrentDeferredTaxesLiabilities,,,,,,,,,,,,"75,000","110,000","359,323,000","346,566,000","317,639,000","323,777,000","294,875,000","263,413,000","261,467,000","347,995,000","308,662,000","301,130,000","289,868,000","293,138,000","295,641,000","283,492,000","253,433,000","279,696,000","269,250,000","228,219,000","415,442,000","506,995,000","499,709,000","477,622,000","463,045,000","449,170,000","433,491,000","420,581,000","403,990,000","368,521,000","350,702,000","322,664,000","294,149,000","247,822,000","206,714,000","196,955,000","82,648,000","102,425,000","95,659,000","100,548,000","84,486,000","107,428,000","90,175,000","88,551,000","102,329,000","105,425,000","83,596,000","97,238,000","92,153,000",,,"52,132,000","67,294,000","25,574,000","70,271,000","61,056,000","73,281,000","200,522,000","160,115,000","135,076,000","157,103,000","161,813,000","178,879,000","210,211,000","235,780,000","173,953,000","145,306,000","210,876,000","233,470,000","234,640,000","244,757,000","264,940,000","327,272,000","23,956,000","22,796,000","23,895,000","23,733,000","24,009,000","17,383,000","17,802,000","15,406,000","11,228,000","10,753,000","11,943,000","9,760,000",,,,,,,,,,,,,,,,,,,,,,,,,,,,,
		TradeandOtherPayablesNonCurrent,"472,546,000","470,400,000","504,401,000","447,383,000","447,990,000","476,641,000","514,318,000","515,192,000","489,411,000","493,655,000","530,167,000","523,864,000","531,522,000","5,291,000","5,294,000","4,503,000","5,815,000","7,778,000","16,779,000","15,889,000","15,198,000","13,033,000","13,022,000","13,245,000","12,688,000","11,635,000","11,581,000","11,470,000","10,576,000","14,545,000","37,777,000","37,579,000","15,762,000","15,704,000","15,296,000","14,479,000","28,098,000","48,874,000","47,568,000",,,,,,,,,,,,,,,,,,,,,,,,,,,,,,,,,,,,,,,,,,,,,,,,,,,,,,,,,,,,,,,,,,,,,,,,,,,,,,,,,,,,,,
		NonCurrentAccruedExpenses,,,,,,,,,,,,,,,,,,,,,,,,,,,,,,,,,,,,,,,,"45,306,000","52,889,000",,,,,,,,,,,,,,,,,,,,,,,,,,,,,,,,,,,,,,,,,,,,,,,,,,,,,,,,,,,,,,,,,,,,,,,,,,,,,,,,,,,,
		OtherNonCurrentLiabilities,"71,059,000","70,057,000","81,721,000","98,111,000","100,190,000","95,893,000","98,623,000","64,804,000","53,851,000","75,573,000","56,401,000","49,870,000","30,747,000","18,266,000","19,692,000","16,908,000","17,604,000","18,294,000","1,077,000","1,090,000","1,110,000","1,311,000","1,335,000","1,366,000","1,579,000","1,591,000","1,588,000","1,535,000","2,481,000","2,211,000","2,599,000","3,680,000","19,600,000","23,765,000","24,938,000","29,568,000","21,360,000","25,768,000","34,351,000","17,817,000","1,201,000","62,694,000","60,620,000","57,740,000","123,793,000","141,906,000","138,500,000","81,776,000","71,150,000","74,749,000","43,894,000","40,281,000","32,717,000","41,504,000","35,377,000","1,320,000","1,321,000","5,043,000","8,806,000","7,485,000",,,,,,,,,,,,,,,,,,,,,,,,,,"46,320,000","13,520,000",,,,,,,,,,,,,,,,,,,,,,"100,000","-100,000","-100,000",,,"100,000",,"-100,000",,,"100,000",,,,,,
TotalEquityGrossMinorityInterest,"2,598,891,000","2,452,837,000","2,319,653,000","2,315,049,000","2,641,162,000","2,695,905,000","2,612,584,000","2,861,509,000","2,637,195,000","2,444,886,000","2,318,638,000","2,330,235,000","2,364,634,000","2,486,083,000","2,538,267,000","2,509,039,000","2,484,208,000","2,632,515,000","2,599,803,000","2,602,787,000","2,605,361,000","2,621,669,000","2,647,813,000","2,635,541,000","2,700,189,000","2,743,434,000","2,829,600,000","2,787,681,000","3,276,971,000","3,231,876,000","3,089,852,000","2,963,296,000","2,816,125,000","2,751,691,000","2,704,080,000","2,707,685,000","2,560,976,000","2,492,414,000","2,500,068,000","2,414,617,000","2,173,606,000","2,027,231,000","1,867,123,000","2,120,470,000","2,033,908,000","1,966,138,000","1,912,078,000","1,737,900,000","1,668,483,000","1,559,894,000","1,609,591,000","1,671,823,000","1,734,726,000","1,842,056,000","1,895,966,000","1,772,740,000","2,667,814,000","2,698,167,000","2,715,136,000","2,728,885,000","2,692,193,000","2,767,742,000","2,710,716,000","2,673,508,000","2,606,366,000","2,561,841,000","2,504,941,000","2,483,062,000","2,237,362,000","2,136,794,000","2,027,770,000","1,950,739,000","1,894,253,000","1,904,032,000","1,904,957,000","1,903,740,000","1,860,730,000","1,770,462,000","1,922,591,000","1,918,316,000","1,908,877,000","1,920,282,000","1,797,219,000","1,776,655,000","1,194,071,000","1,018,075,000","936,979,000","879,318,000","587,819,000","522,437,000","542,965,000","550,175,000","584,255,000","562,061,000","531,248,000","490,680,000","460,131,000","439,167,000","410,947,000","368,244,000","328,800,000","290,600,000","257,500,000","244,000,000","221,600,000","201,100,000","187,700,000","172,900,000","159,200,000","146,300,000","135,100,000","123,300,000","112,100,000","113,400,000","113,500,000","108,700,000","103,300,000","97,200,000","89,300,000","83,300,000","77,100,000","72,700,000","69,000,000","22,700,000","13,800,000"
	StockholdersEquity,"2,598,891,000","2,452,837,000","2,319,653,000","2,315,049,000","2,641,162,000","2,695,905,000","2,612,584,000","2,861,509,000","2,637,195,000","2,444,886,000","2,318,638,000","2,330,235,000","2,364,634,000","2,486,083,000","2,538,267,000","2,509,039,000","2,484,208,000","2,632,515,000","2,599,803,000","2,602,787,000","2,605,361,000","2,621,669,000","2,647,813,000","2,635,541,000","2,700,189,000","2,743,434,000","2,829,600,000","2,787,681,000","3,276,971,000","3,231,876,000","3,089,852,000","2,963,296,000","2,816,125,000","2,751,691,000","2,704,080,000","2,707,685,000","2,560,976,000","2,492,414,000","2,500,068,000","2,414,617,000","2,173,606,000","2,027,231,000","1,867,123,000","2,120,470,000","2,033,908,000","1,966,138,000","1,912,078,000","1,737,900,000","1,668,483,000","1,559,894,000","1,609,591,000","1,671,823,000","1,734,726,000","1,842,056,000","1,895,966,000","1,772,740,000","2,667,814,000","2,698,167,000","2,715,136,000","2,728,885,000","2,692,193,000","2,767,742,000","2,710,716,000","2,673,508,000","2,606,366,000","2,561,841,000","2,504,941,000","2,483,062,000","2,237,362,000","2,136,794,000","2,027,770,000","1,950,739,000","1,894,253,000","1,904,032,000","1,904,957,000","1,903,740,000","1,860,730,000","1,770,462,000","1,922,591,000","1,918,316,000","1,908,877,000","1,920,282,000","1,797,219,000","1,776,655,000","1,194,071,000","1,018,075,000","936,979,000","879,318,000","587,819,000","522,437,000","542,965,000","550,175,000","584,255,000","562,061,000","531,248,000","490,680,000","460,131,000","439,167,000","410,947,000","368,244,000","328,800,000","290,600,000","257,500,000","244,000,000","221,600,000","201,100,000","187,700,000","172,900,000","159,200,000","146,300,000","135,100,000","123,300,000","112,100,000","113,400,000","113,500,000","108,700,000","103,300,000","97,200,000","89,300,000","83,300,000","77,100,000","72,700,000","69,000,000","22,700,000","13,800,000"
		CapitalStock,"2,451,000","2,450,000","2,432,000","2,438,000","2,489,000","2,515,000","2,510,000","2,539,000","2,531,000","2,530,000","2,515,000","2,534,000","2,547,000","2,486,000","2,481,000","2,480,000","2,488,000","2,525,000","2,534,000","2,537,000","2,552,000","2,569,000","2,570,000","2,583,000","2,611,000","2,644,000","2,671,000","2,686,000","2,665,000","2,682,000","2,648,000","2,636,000","2,612,000","2,608,000","2,612,000","2,636,000","2,615,000","2,624,000","2,643,000","2,646,000","2,600,000","2,590,000","2,580,000","2,735,000","2,765,000","2,768,000","2,755,000","2,755,000","2,741,000","2,739,000","2,761,000","2,805,000","2,862,000","2,938,000","2,981,000","2,959,000","3,317,000","3,358,000","3,397,000","3,426,000","3,443,000","3,482,000","896,742,000","3,502,000","3,485,000","3,483,000","3,471,000","3,470,000","3,438,000","3,422,000","3,403,000","3,390,000","3,373,000","3,371,000","3,365,000","3,361,000","3,350,000","3,337,000","3,329,000","3,311,000","3,287,000","3,296,000","3,267,000","3,255,000","3,206,000","1,592,000","1,573,000","1,562,000","1,446,000","715,000","724,000","729,000","742,000","740,000","736,000","733,000","730,000","730,000","722,000","719,000",,,,,,,,,,,,,,,,,,,,,,,,"100,000",
			PreferredStock,"0","0","0","0","0","0","0","0","0","0",,"0","0","0","0","0","0","0","0","0","0","0","0","0","0","0","0","0","0","0","0","0","0","0","0","0","0","0","0","0",,"0","0","0","0","0","0","0",,,,,,,,,,,,,,,,,,,,,,,,,,,,,,,,,,,,,,,,,,,,,,,,,,,,,,,,,,,,,,,,,,,,,,,,,,,,"100,000",
			CommonStock,"2,451,000","2,450,000","2,432,000","2,438,000","2,489,000","2,515,000","2,510,000","2,539,000","2,531,000","2,530,000","2,515,000","2,534,000","2,547,000","2,486,000","2,481,000","2,480,000","2,488,000","2,525,000","2,534,000","2,537,000","2,552,000","2,569,000","2,570,000","2,583,000","2,611,000","2,644,000","2,671,000","2,686,000","2,665,000","2,682,000","2,648,000","2,636,000","2,612,000","2,608,000","2,612,000","2,636,000","2,615,000","2,624,000","2,643,000","2,646,000","2,600,000","2,590,000","2,580,000","2,735,000","2,765,000","2,768,000","2,755,000","2,755,000","2,741,000","2,739,000","2,761,000","2,805,000","2,862,000","2,938,000","2,981,000","2,959,000","3,317,000","3,358,000","3,397,000","3,426,000","3,443,000","3,482,000","896,742,000","3,502,000","3,485,000","3,483,000","3,471,000","3,470,000","3,438,000","3,422,000","3,403,000","3,390,000","3,373,000","3,371,000","3,365,000","3,361,000","3,350,000","3,337,000","3,329,000","3,311,000","3,287,000","3,296,000","3,267,000","3,255,000","3,206,000","1,592,000","1,573,000","1,562,000","1,446,000","715,000","724,000","729,000","742,000","740,000","736,000","733,000","730,000","730,000","722,000","719,000",,,,,,,,,,,,,,,,,,,,,,,,"0",
		AdditionalPaidInCapital,"1,283,023,000","1,221,254,000","1,194,748,000","1,145,083,000","1,105,568,000","978,222,000","880,305,000","1,005,411,000","942,744,000","906,618,000","894,588,000","878,672,000","855,197,000","823,958,000","808,821,000","803,522,000","778,110,000","773,511,000","726,656,000","726,921,000","710,303,000","683,140,000","678,209,000","653,882,000","690,351,000","736,252,000","788,016,000","805,073,000","1,037,592,000","1,060,125,000","967,694,000","1,276,278,000","1,195,426,000","1,166,835,000","1,150,525,000","1,195,458,000","1,128,405,000","1,121,868,000","1,161,728,000","1,163,410,000","1,043,429,000","1,006,787,000","976,584,000","1,102,411,000","1,067,748,000","1,054,811,000","1,033,933,000","856,232,000","819,885,000","804,713,000","822,891,000","858,172,000","861,396,000","879,798,000","914,506,000","849,888,000","1,330,223,000","1,340,880,000","1,364,943,000","1,375,120,000","1,379,280,000","1,470,117,000",,"906,929,000","892,086,000","888,047,000","893,770,000","903,991,000","798,941,000","783,722,000","760,105,000","744,166,000","728,661,000","728,129,000","723,339,000","719,747,000","715,876,000","698,138,000","677,054,000","725,626,000","775,252,000","556,288,000","492,697,000","487,634,000","422,153,000","316,035,000","294,063,000","293,231,000","88,843,000","99,483,000","112,030,000","119,070,000","129,797,000","123,273,000","119,957,000","114,447,000","112,181,000","117,222,000","110,228,000","99,588,000",,,,,,,,,,,,,,,,,,,,,,,,,
		RetainedEarnings,"1,315,239,000","1,237,421,000","1,136,710,000","1,187,805,000","1,545,210,000","1,732,304,000","1,743,241,000","1,876,969,000","1,723,713,000","1,576,476,000","1,457,467,000","1,483,538,000","1,528,393,000","1,675,858,000","1,743,597,000","1,726,312,000","1,729,446,000","1,854,320,000","1,863,887,000","1,867,066,000","1,898,238,000","1,932,046,000","1,959,037,000","1,966,278,000","1,988,501,000","1,977,185,000","1,999,751,000","1,945,471,000","1,889,019,000","1,814,081,000","1,766,738,000","1,675,722,000","1,602,924,000","1,563,676,000","1,546,026,000","1,502,327,000","1,429,913,000","1,361,552,000","1,322,378,000","1,238,044,000","1,120,112,000","1,009,448,000","886,835,000","1,016,545,000","959,909,000","903,844,000","878,549,000","897,771,000","865,966,000","764,949,000","780,931,000","805,042,000","870,283,000","955,363,000","973,790,000","916,292,000","1,327,592,000","1,352,416,000","1,338,916,000","1,334,530,000","1,314,914,000","1,373,666,000","1,815,159,000","1,762,873,000","1,713,543,000","1,667,622,000","1,599,465,000","1,521,568,000","1,390,679,000","1,322,161,000","1,265,013,000","1,218,579,000","1,173,431,000","1,175,534,000","1,142,722,000","1,107,281,000","1,075,957,000","1,083,040,000","1,275,565,000","1,257,083,000","1,456,884,000","1,467,392,000","1,353,336,000","1,259,510,000","783,153,000","714,649,000","658,675,000","607,060,000","593,247,000","559,328,000","531,497,000","504,468,000","473,875,000","442,275,000","411,325,000","377,881,000","347,438,000","321,215,000","299,997,000","267,505,000","233,600,000","201,400,000","171,600,000","166,100,000","146,200,000","130,600,000","118,800,000","106,800,000","94,600,000","84,000,000","74,400,000","65,500,000","57,500,000","50,500,000","44,200,000","38,300,000","34,700,000","29,000,000","22,800,000","17,000,000","11,900,000","7,600,000","3,900,000","1,100,000","-7,400,000"
		TreasuryStock,,,,,,,,,,,,,,,,,,,,,,,,,,,,,,,,,,,,,,,,,,,,,,,,,,,,,,,,,,,,,,"102,664,000","33,067,000",,"8,941,000","2,313,000","4,713,000","1,031,000","3,685,000","2,506,000","1,289,000","541,000","8,205,000","7,433,000","14,528,000","8,197,000","7,199,000","14,958,000","8,587,000","70,584,000","186,187,000","23,585,000",,,,,,"5,112,000","80,222,000","115,373,000","81,930,000","56,973,000","4,054,000",,,"1,847,000","218,000",,,,,,,,,,,,,,,,,,,,,,,,,,,,
		GainsLossesNotAffectingRetainedEarnings,"-1,822,000","-8,288,000","-14,237,000","-20,277,000","-12,105,000","-17,136,000","-13,472,000","-23,410,000","-31,793,000","-40,738,000","-35,932,000","-34,509,000","-21,503,000","-16,219,000","-16,632,000","-24,681,000","-30,441,000","-5,209,000","-3,405,000","-6,631,000","-21,389,000","-14,506,000","-13,186,000","-11,149,000","-7,984,000","-2,120,000","6,926,000","-548,000","-7,548,000","-4,561,000","-10,082,000","8,660,000","15,163,000","18,572,000","4,917,000","7,264,000","43,000","6,370,000","13,319,000","10,517,000","7,465,000","8,406,000","1,124,000","-1,221,000","3,486,000","4,715,000","-3,159,000","-18,858,000","-20,109,000","-12,507,000","3,008,000","5,804,000","185,000","3,957,000","4,689,000","3,601,000","6,682,000","1,513,000","7,880,000","15,809,000","-5,444,000","23,141,000","31,882,000","204,000","6,193,000","5,002,000","12,948,000","55,064,000","47,989,000","29,995,000","538,000","-14,855,000","-3,007,000","4,431,000","50,059,000","81,548,000","72,746,000","905,000","-24,770,000","2,880,000","-140,359,000","-83,109,000","-52,081,000","26,256,000","-14,441,000","-14,201,000","-17,332,000","-17,423,000","-15,495,000","-21,716,000","-19,356,000","-17,119,000","-16,105,000","-4,227,000","-770,000","-534,000",,,,"432,000",,,,,,,,,,,,,,,,,,,,,,,,,
			ForeignCurrencyTranslationAdjustments,,,,,,,,,,,,,,,,,,,,,,,,,,,,,,,,,,,,,,,,,,,,,,,,,"-1,511,000",,"5,651,000","5,363,000","4,522,000","3,352,000","3,050,000","2,311,000","2,779,000","2,144,000",,,,,,,,,,,,,,,,,,,"-852,000","-660,000","-851,000",,,,,,,,,,"-15,495,000","-21,716,000","-19,356,000","-17,221,000","-16,105,000","-4,227,000","-770,000","-617,000",,,,,,,,,,,,,,,,,,,,,,,,,,,,,
			OtherEquityAdjustments,,,,,,,,,,,,,,,,,,,,,,,,,,,,,,,,,,,,,,,,,,,,,,,,,"-18,598,000",,"-2,643,000","441,000","-4,337,000","605,000","1,639,000","1,290,000","3,903,000","-631,000",,,,,,,,,,,,,,,,,,,"73,598,000","1,565,000","-23,919,000",,,,,,,,,,,,,"102,000",,,,"83,000",,,,,,,,,,,,,,,,,,,,,,,,,,,,,
		OtherEquityInterest,,,,,,,,,,,,,,,,"1,406,000","4,605,000","7,368,000","10,131,000","12,894,000","15,657,000","18,420,000","21,183,000","23,947,000","26,710,000","29,473,000","32,236,000","34,999,000","355,243,000","359,549,000","362,854,000",,,,,,,,,,,,,,,,,,,,,,,,,,,,,,,,,,,,,,,,,,,,,,,,,,,,,,,,,,,,,,,,,,,,,,"95,200,000","89,200,000","85,900,000","77,900,000","75,400,000","70,500,000","68,900,000","66,100,000","64,600,000","62,300,000","60,700,000","57,800,000","54,600,000","62,900,000","69,300,000","70,400,000","68,600,000","68,200,000","66,500,000","66,300,000","65,200,000","65,100,000","65,100,000","21,500,000","21,200,000"
TotalCapitalization,"4,091,268,000","3,944,903,000","3,811,405,000","3,062,159,000","3,887,162,000","3,941,536,000","3,857,847,000","4,096,316,000","3,858,633,000","3,646,770,000","3,526,025,000","3,544,675,000","4,094,845,000","4,224,749,000","4,275,677,000","3,504,286,000","3,479,050,000","3,626,954,000","3,593,842,000","3,598,622,000","3,600,945,000","3,617,002,000","3,642,899,000","3,630,380,000","3,694,784,000","3,737,786,000","3,823,710,000","3,781,551,000","3,276,971,000","3,231,876,000","3,089,852,000","3,885,962,000","3,735,008,000","3,666,800,000","3,615,215,000","3,614,254,000","3,464,035,000","3,392,217,000","3,394,546,000","3,305,597,000","3,060,803,000","2,911,621,000","2,716,628,000","2,475,268,000","2,388,368,000","2,319,609,000","2,264,411,000","2,428,025,000","2,428,590,000","2,559,457,000","2,609,143,000","2,671,674,000","2,734,536,000","2,841,175,000","2,894,764,000","2,772,337,000","2,667,814,000","2,698,167,000","2,715,136,000","2,728,885,000","2,692,193,000","2,767,742,000","2,710,716,000","2,673,508,000","2,606,366,000","2,561,841,000","2,504,941,000","2,483,062,000","2,237,362,000","2,136,794,000","2,027,770,000","1,950,739,000","1,894,253,000","1,904,032,000","1,904,957,000","1,903,740,000","1,860,730,000","1,770,462,000","1,922,591,000","1,918,316,000","1,908,877,000","1,920,282,000","1,797,219,000","1,776,655,000","1,194,071,000","1,018,075,000","936,979,000","879,318,000","837,819,000","772,437,000","792,965,000","800,175,000","834,255,000","812,061,000","781,248,000","740,680,000","710,131,000","689,167,000","660,947,000","618,244,000","579,000,000","290,600,000","257,500,000","244,000,000","221,600,000","201,100,000","187,700,000","172,900,000","161,700,000","149,200,000","138,400,000","123,300,000","116,400,000","118,100,000","118,700,000","113,700,000","108,100,000","101,000,000","93,300,000","87,100,000","81,000,000","76,800,000","71,700,000","22,700,000","13,800,000"
PreferredStockEquity,,,,,,,,,,,,,,,,,,,,,,,,,,,,,,,,,,,,,,,,,,,,,,,,,,,,,,,,,,,,,,,,,,,,,,,,,,,,,,,,,,,,,,,,,,,,,,,,,,,,,,,,,,,,,,,,,,,,,,,,,,,,"100,000",
CommonStockEquity,"2,598,891,000","2,452,837,000","2,319,653,000","2,315,049,000","2,641,162,000","2,695,905,000","2,612,584,000","2,861,509,000","2,637,195,000","2,444,886,000","2,318,638,000","2,330,235,000","2,364,634,000","2,486,083,000","2,538,267,000","2,509,039,000","2,484,208,000","2,632,515,000","2,599,803,000","2,602,787,000","2,605,361,000","2,621,669,000","2,647,813,000","2,635,541,000","2,700,189,000","2,743,434,000","2,829,600,000","2,787,681,000","3,276,971,000","3,231,876,000","3,089,852,000","2,963,296,000","2,816,125,000","2,751,691,000","2,704,080,000","2,707,685,000","2,560,976,000","2,492,414,000","2,500,068,000","2,414,617,000","2,173,606,000","2,027,231,000","1,867,123,000","2,120,470,000","2,033,908,000","1,966,138,000","1,912,078,000","1,737,900,000","1,668,483,000","1,559,894,000","1,609,591,000","1,671,823,000","1,734,726,000","1,842,056,000","1,895,966,000","1,772,740,000","2,667,814,000","2,698,167,000","2,715,136,000","2,728,885,000","2,692,193,000","2,767,742,000","2,710,716,000","2,673,508,000","2,606,366,000","2,561,841,000","2,504,941,000","2,483,062,000","2,237,362,000","2,136,794,000","2,027,770,000","1,950,739,000","1,894,253,000","1,904,032,000","1,904,957,000","1,903,740,000","1,860,730,000","1,770,462,000","1,922,591,000","1,918,316,000","1,908,877,000","1,920,282,000","1,797,219,000","1,776,655,000","1,194,071,000","1,018,075,000","936,979,000","879,318,000","587,819,000","522,437,000","542,965,000","550,175,000","584,255,000","562,061,000","531,248,000","490,680,000","460,131,000","439,167,000","410,947,000","368,244,000","328,800,000","290,600,000","257,500,000","244,000,000","221,600,000","201,100,000","187,700,000","172,900,000","159,200,000","146,300,000","135,100,000","123,300,000","112,100,000","113,400,000","113,500,000","108,700,000","103,300,000","97,200,000","89,300,000","83,300,000","77,100,000","72,700,000","69,000,000","22,600,000","13,800,000"
CapitalLeaseObligations,,,,"11,109,000",,,,,,,,,,,,,,,,,,,,,,,,,,,,,,,,,,,,,,,,,,,,,,,,,,,,,,,,,,,,,,,,,,,,,,,,,,,,,,,,,,,,,,,,,,,,,,,,,,,,,,,,,,,,,,,,,,,,,,,,,
NetTangibleAssets,"1,795,983,000","1,652,197,000","1,509,672,000","1,374,070,000","1,811,525,000","1,854,996,000","2,163,091,000","2,440,068,000","2,213,944,000","2,017,975,000","2,152,454,000","2,163,691,000","2,197,505,000","2,322,435,000","2,374,109,000","2,344,176,000","2,318,162,000","2,465,105,000","2,435,549,000","2,437,289,000","2,438,619,000","2,453,159,000","2,477,534,000","2,463,493,000","2,519,193,000","2,560,068,000","2,643,855,000","2,599,518,000","3,086,346,000","3,041,667,000","2,897,226,000","2,768,252,000","2,618,594,000","2,551,605,000","2,520,358,000","2,521,815,000","2,372,961,000","2,302,425,000","2,309,226,000","2,254,141,000","2,055,651,000","1,909,276,000","1,749,168,000","2,002,515,000","1,915,953,000","1,848,183,000","1,794,123,000","1,617,452,000","1,547,029,000","1,436,965,000","1,485,237,000","1,546,043,000","1,607,521,000","1,713,268,000","1,765,282,000","1,640,159,000","2,526,350,000","2,554,656,000","2,569,442,000","2,581,150,000","2,558,454,000","2,632,457,000","2,573,097,000","2,534,089,000","2,465,996,000","2,419,288,000","2,360,617,000","2,354,622,000","2,126,821,000","2,024,526,000","1,911,929,000","1,831,325,000","1,771,267,000","1,777,411,000","1,774,531,000","1,769,066,000","1,860,730,000","1,770,462,000","1,922,591,000","1,918,316,000","1,908,877,000","1,920,282,000","1,797,219,000","1,776,655,000","1,194,071,000","1,018,075,000","936,979,000","879,318,000","587,819,000","522,437,000","542,965,000","550,175,000","584,255,000","562,061,000","531,248,000","490,680,000","460,131,000","439,167,000","410,947,000","368,244,000","328,800,000","290,600,000","257,500,000","244,000,000","221,600,000","201,100,000","187,700,000","172,900,000","159,200,000","140,200,000","129,100,000","117,700,000","105,600,000","113,400,000","105,400,000","100,300,000","98,300,000","92,000,000","87,800,000","81,800,000","75,300,000","70,900,000","67,200,000","22,400,000","13,800,000"
WorkingCapital,"2,853,157,000","2,722,944,000","2,617,427,000","1,823,460,000","2,612,141,000","2,752,172,000","3,092,458,000","3,416,942,000","3,219,483,000","3,033,745,000","3,182,946,000","3,207,283,000","3,735,488,000","3,749,009,000","3,788,075,000","2,982,920,000","2,906,010,000","3,021,375,000","2,970,336,000","2,972,847,000","3,075,385,000","3,030,819,000","3,022,563,000","2,971,845,000","2,602,125,000","2,333,328,000","2,234,851,000","2,077,787,000","1,515,749,000","1,319,036,000","952,108,000","1,910,851,000","1,928,029,000","1,907,402,000","1,942,020,000","2,107,533,000","1,970,117,000","2,046,809,000","2,186,914,000","2,254,646,000","2,155,636,000","1,953,079,000","1,849,080,000","1,549,905,000","1,596,758,000","1,651,976,000","1,587,876,000","1,519,402,000","1,474,972,000","1,503,728,000","1,395,028,000","1,479,530,000","1,555,063,000","1,476,534,000","1,469,763,000","1,396,733,000","1,400,226,000","1,519,266,000","1,362,320,000","1,303,224,000","1,101,446,000","1,155,276,000","1,243,512,000","1,167,970,000","837,908,000","828,561,000","751,878,000","920,422,000","801,477,000","875,018,000","928,243,000","861,448,000","880,724,000","859,610,000","842,324,000","802,913,000","666,157,000","716,218,000","760,060,000","751,469,000","661,585,000","896,756,000","884,199,000","796,213,000","684,515,000","591,014,000","587,545,000","490,512,000","437,024,000","457,817,000","487,937,000","474,567,000","518,357,000","523,079,000","535,970,000","504,302,000","463,211,000","470,669,000","445,698,000","436,070,000","440,700,000","170,100,000","144,600,000","180,100,000","162,600,000","137,200,000","109,800,000","143,100,000","130,900,000","121,500,000","111,700,000","101,100,000","90,300,000","92,100,000","92,600,000","88,400,000","88,200,000","82,800,000","79,800,000","75,000,000","69,600,000","66,400,000","62,800,000","19,300,000","12,200,000"
InvestedCapital,"4,591,133,000","4,444,565,000","4,310,866,000","3,561,419,000","3,887,162,000","3,941,536,000","3,857,847,000","4,096,316,000","4,358,484,000","4,146,399,000","4,025,432,000","4,043,861,000","4,094,845,000","4,224,749,000","4,275,677,000","3,960,614,000","4,073,842,000","4,218,621,000","4,182,384,000","4,185,728,000","4,185,288,000","4,198,582,000","4,221,715,000","4,206,433,000","4,268,074,000","4,308,313,000","4,391,474,000","4,346,552,000","4,211,363,000","4,161,961,000","4,016,633,000","3,885,962,000","3,735,008,000","3,666,800,000","3,615,215,000","3,614,254,000","3,464,035,000","3,392,217,000","3,394,546,000","3,305,597,000","3,060,803,000","2,911,621,000","2,716,628,000","2,475,268,000","2,388,368,000","2,319,609,000","2,264,411,000","2,428,025,000","2,428,590,000","2,559,457,000","2,609,143,000","2,671,674,000","2,734,536,000","2,841,175,000","2,894,764,000","2,772,337,000","2,667,814,000","2,698,167,000","2,715,136,000","2,728,885,000","2,692,193,000","2,767,742,000","2,710,716,000","2,673,508,000","2,606,366,000","2,561,841,000","2,504,941,000","2,483,062,000","2,237,362,000","2,136,794,000","2,027,770,000","1,950,739,000","1,894,253,000","1,904,032,000","1,904,957,000","1,903,740,000","1,860,730,000","1,770,462,000","1,922,591,000","1,918,316,000","1,908,877,000","1,920,282,000","1,797,219,000","1,776,655,000","1,194,071,000","1,018,075,000","936,979,000","879,318,000","837,819,000","772,437,000","792,965,000","800,175,000","834,255,000","812,061,000","781,248,000","740,680,000","710,131,000","689,675,000","661,650,000","619,230,000","580,000,000","291,700,000","258,800,000","265,800,000","223,000,000","202,400,000","189,000,000","174,300,000","163,200,000","150,700,000","140,000,000","125,100,000","118,300,000","120,100,000","120,700,000","115,800,000","110,100,000","102,900,000","95,200,000","88,800,000","82,700,000","78,500,000","73,100,000","23,700,000","14,800,000"
TangibleBookValue,"1,795,983,000","1,652,197,000","1,509,672,000","1,374,070,000","1,811,525,000","1,854,996,000","2,163,091,000","2,440,068,000","2,213,944,000","2,017,975,000","2,152,454,000","2,163,691,000","2,197,505,000","2,322,435,000","2,374,109,000","2,344,176,000","2,318,162,000","2,465,105,000","2,435,549,000","2,437,289,000","2,438,619,000","2,453,159,000","2,477,534,000","2,463,493,000","2,519,193,000","2,560,068,000","2,643,855,000","2,599,518,000","3,086,346,000","3,041,667,000","2,897,226,000","2,768,252,000","2,618,594,000","2,551,605,000","2,520,358,000","2,521,815,000","2,372,961,000","2,302,425,000","2,309,226,000","2,254,141,000","2,055,651,000","1,909,276,000","1,749,168,000","2,002,515,000","1,915,953,000","1,848,183,000","1,794,123,000","1,617,452,000","1,547,029,000","1,436,965,000","1,485,237,000","1,546,043,000","1,607,521,000","1,713,268,000","1,765,282,000","1,640,159,000","2,526,350,000","2,554,656,000","2,569,442,000","2,581,150,000","2,558,454,000","2,632,457,000","2,573,097,000","2,534,089,000","2,465,996,000","2,419,288,000","2,360,617,000","2,354,622,000","2,126,821,000","2,024,526,000","1,911,929,000","1,831,325,000","1,771,267,000","1,777,411,000","1,774,531,000","1,769,066,000","1,860,730,000","1,770,462,000","1,922,591,000","1,918,316,000","1,908,877,000","1,920,282,000","1,797,219,000","1,776,655,000","1,194,071,000","1,018,075,000","936,979,000","879,318,000","587,819,000","522,437,000","542,965,000","550,175,000","584,255,000","562,061,000","531,248,000","490,680,000","460,131,000","439,167,000","410,947,000","368,244,000","328,800,000","290,600,000","257,500,000","244,000,000","221,600,000","201,100,000","187,700,000","172,900,000","159,200,000","140,200,000","129,100,000","117,700,000","105,600,000","113,400,000","105,400,000","100,300,000","98,300,000","92,000,000","87,800,000","81,800,000","75,300,000","70,900,000","67,200,000","22,300,000","13,800,000"
TotalDebt,"1,992,242,000","1,991,728,000","1,991,213,000","1,257,479,000","1,246,000,000","1,245,631,000","1,245,263,000","1,234,807,000","1,721,289,000","1,701,513,000","1,706,794,000","1,713,626,000","1,730,211,000","1,738,666,000","1,737,410,000","1,451,575,000","1,589,634,000","1,586,106,000","1,582,581,000","1,582,941,000","1,579,927,000","1,576,913,000","1,573,902,000","1,570,892,000","1,567,885,000","1,564,879,000","1,561,874,000","1,558,871,000","934,392,000","930,085,000","926,781,000","922,666,000","918,883,000","915,109,000","911,135,000","906,569,000","903,059,000","899,803,000","894,478,000","890,980,000","887,197,000","884,390,000","849,505,000","354,798,000","354,460,000","353,471,000","352,333,000","690,125,000","760,107,000","999,563,000","999,552,000","999,851,000","999,810,000","999,119,000","998,798,000","999,597,000",,,,,,,,,,,,,,,,,,,,,,,,,,,,,,,,,"250,000,000","250,000,000","250,000,000","250,000,000","250,000,000","250,000,000","250,000,000","250,000,000","250,000,000","250,508,000","250,703,000","250,986,000","251,200,000","1,100,000","1,300,000","21,800,000","1,400,000","1,300,000","1,300,000","1,400,000","4,000,000","4,400,000","4,900,000","1,800,000","6,200,000","6,700,000","7,200,000","7,100,000","6,800,000","5,700,000","5,900,000","5,500,000","5,600,000","5,800,000","4,100,000","1,100,000","1,000,000"
NetDebt,"866,676,000","820,952,000","763,837,000","1,246,370,000",,"1,245,631,000","1,245,263,000","1,234,807,000","1,721,289,000","1,701,513,000","29,405,000",,"818,750,000","668,473,000","678,055,000","484,880,000","750,088,000","895,616,000","1,000,219,000","1,079,125,000","681,663,000","816,302,000","907,564,000","678,320,000","136,862,000","850,180,000","936,842,000","585,194,000","302,513,000","359,591,000","417,367,000","299,108,000","295,746,000","319,990,000","384,946,000","117,747,000","241,734,000","296,851,000","894,478,000",,"887,197,000","109,885,000","849,505,000",,"354,460,000","353,471,000","352,333,000",,,"298,157,000","230,076,000","132,856,000","599,412,000","630,817,000","370,834,000","363,718,000",,,,,,,,,,,,,,,,,,,,,,,,,,,,,,,,,"138,317,000","180,106,000","115,767,000","83,139,000","5,921,000",,"119,469,000","34,097,000","94,997,000","136,427,000","120,877,000","140,093,000","130,900,000",,,,,,,,,,,,,,,,,,,,,,,,
ShareIssued,"245,201,000","245,059,000","243,231,000","243,810,000","248,835,000","251,466,000","251,020,000","253,891,000","253,163,895","253,000,000","247,900,000","253,377,000","254,815,224","248,600,000","247,900,000","248,027,000","248,800,000","252,500,000","253,400,000","253,687,000","255,500,000","256,900,000","257,000,000","258,340,000","261,100,000","264,400,000","267,100,000","268,637,000","266,500,000","268,200,000","264,800,000","263,649,000","261,561,672","260,922,630","262,169,961","263,612,000","261,500,000","262,461,679","265,453,956","264,602,000","261,060,301","259,116,334","258,831,177","273,487,000","276,500,000","276,859,725","275,600,000","275,600,000","274,108,297","273,903,471","276,447,326","280,519,000","286,317,380","293,995,400","298,426,945","297,885,246","331,864,381","336,235,189","339,873,334","342,618,000","348,521,496","349,492,605","349,492,605","350,161,000","348,511,597","348,312,983","347,080,415","346,962,000","344,753,973","342,337,657","340,852,811","339,005,000","337,408,839","337,109,271","337,535,565","336,188,000","335,516,698","334,026,362","333,565,436","331,140,000","329,990,000","329,700,000","328,600,000","325,754,000","321,293,000","318,852,000","316,116,000","312,486,000","308,800,000","285,932,000","289,580,000","291,652,000","296,948,000","295,948,000","294,376,000","293,368,000","291,828,000","291,828,000","288,992,000","287,732,000","284,880,000","283,972,000","282,852,000","281,188,000","279,604,000","277,524,000","276,624,000","274,788,000","272,540,000","272,192,000","271,256,000","269,236,000","276,948,000","271,592,000","274,548,000","276,240,000","274,548,000","274,248,000","273,620,000","271,976,000","271,508,000","270,176,000","269,896,000","269,896,000","269,896,000"
OrdinarySharesNumber,"245,201,000","245,059,000","243,231,000","243,810,000","248,835,000","251,466,000","251,020,000","253,891,000","253,163,895","253,000,000","247,900,000","253,377,000","254,815,224","248,600,000","247,900,000","248,027,000","248,800,000","252,500,000","253,400,000","253,687,000","255,500,000","256,900,000","257,000,000","258,340,000","261,100,000","264,400,000","267,100,000","268,637,000","266,500,000","268,200,000","264,800,000","263,649,000","261,561,672","260,922,630","262,169,961","263,612,000","261,500,000","262,461,679","265,453,956","264,602,000","261,060,301","259,116,334","258,831,177","273,487,000","276,500,000","276,859,725","275,600,000","275,600,000","274,108,297","273,903,471","276,447,326","280,519,000","286,317,380","293,995,400","298,426,945","297,885,246","331,864,381","336,235,189","339,873,334","342,618,000","348,521,496","349,492,605","349,492,605","350,161,000","348,511,597","348,312,983","347,080,415","346,962,000","344,753,973","342,337,657","340,852,811","339,005,000","337,408,839","337,109,271","337,535,565","336,188,000","335,516,698","334,026,362","333,565,436","331,140,000","329,990,000","329,700,000","328,600,000","325,754,000","321,293,000","318,852,000","316,116,000","312,486,000","308,800,000","285,932,000","289,580,000","291,652,000","296,948,000","295,948,000","294,376,000","293,368,000","291,828,000","291,828,000","288,992,000","287,732,000","284,880,000","283,972,000","282,852,000","281,188,000","279,604,000","277,524,000","276,624,000","274,788,000","272,540,000","272,192,000","271,256,000","269,236,000","276,948,000","271,592,000","274,548,000","276,240,000","274,548,000","274,248,000","273,620,000","271,976,000","271,508,000","270,176,000","269,896,000","269,896,000","269,896,000"